first_name,last_name,email,gender,title,size,skills,nationality,money_owned
Emmott,Shalliker,eshalliker0@techcrunch.com,Male,Rev,S,Urinalysis,Ukraine,$4.90
Dannie,Binnes,dbinnes1@addthis.com,Male,Dr,S,Pediatrics,China,$7.79
Olva,Macer,omacer2@google.de,Female,Honorable,XS,Segregation of Duties,France,$0.12
Rawley,Knibb,rknibb3@wiley.com,Male,Mr,3XL,Thermal Oxidation,Iran,$6.56
Merci,Osan,mosan4@newsvine.com,Female,Dr,L,BGP,Indonesia,$2.24
Jo ann,Pettigree,jpettigree5@linkedin.com,Female,Ms,M,UF/DF,Guatemala,$0.96
Sidnee,Madoc-Jones,smadocjones6@geocities.jp,Male,Mr,L,Turbo Pascal,Israel,$3.66
Terese,Ondricek,tondricek7@samsung.com,Non-binary,Mrs,XS,Smart GWT,France,$9.09
Sawyere,Fortescue,sfortescue8@boston.com,Male,Rev,L,JDK,China,$5.99
Brewster,Bleakman,bbleakman9@netvibes.com,Male,Ms,L,Private Events,Mongolia,$8.23
Dael,Impey,dimpeya@guardian.co.uk,Female,Mr,2XL,IFR,Russia,$2.04
Gerda,Downie,gdownieb@dedecms.com,Female,Honorable,S,BTE,Russia,$7.88
Easter,Harberer,eharbererc@ft.com,Female,Rev,2XL,Music Production,Ukraine,$8.79
Kennie,Stammler,kstammlerd@barnesandnoble.com,Male,Rev,M,Physical Security,Poland,$1.29
Shane,Rushton,srushtone@mit.edu,Male,Mrs,XL,CCIM,France,$5.06
Norry,Way,nwayf@intel.com,Male,Mr,2XL,Registered Patent Attorney,Indonesia,$6.11
Talbert,Tanman,ttanmang@wordpress.com,Male,Dr,XL,Outlook Express,Portugal,$3.36
Wallis,Canavan,wcanavanh@sciencedirect.com,Female,Honorable,L,Film Festivals,Estonia,$7.58
Phyllida,Ludgate,pludgatei@dailymail.co.uk,Female,Honorable,3XL,EF,Kazakhstan,$8.28
Benedicta,Tomsu,btomsuj@behance.net,Female,Mrs,2XL,Control Systems Design,China,$8.09
Julie,Heaphy,jheaphyk@bloglines.com,Male,Mr,3XL,SGE,Indonesia,$0.56
Broddy,Boothebie,bboothebiel@shutterfly.com,Male,Rev,XS,Youth Entrepreneurship,Palestinian Territory,$1.43
Cherilyn,Scampion,cscampionm@irs.gov,Female,Rev,2XL,CFII,Indonesia,$5.55
Jason,Wigzell,jwigzelln@prnewswire.com,Male,Ms,2XL,Gift Baskets,China,$5.36
Trenton,Abramcik,tabramciko@simplemachines.org,Male,Rev,2XL,Information Architecture,Russia,$8.59
Gonzalo,Olive,golivep@nba.com,Male,Rev,M,QS1,China,$6.93
Harley,Spinella,hspinellaq@chicagotribune.com,Male,Mr,M,Snow Leopard,Russia,$6.13
Cyndi,Dunbabin,cdunbabinr@yellowpages.com,Female,Mr,S,Pneumatic Conveying,Azerbaijan,$2.76
Guillema,Anmore,ganmores@clickbank.net,Female,Honorable,XS,Broadcast,Italy,$3.86
Ardath,Jeandel,ajeandelt@clickbank.net,Female,Ms,M,BMR,China,$8.21
Al,Storr,astorru@flavors.me,Male,Ms,XS,Customs Regulations,China,$1.33
Julie,Botwright,jbotwrightv@sitemeter.com,Female,Mrs,3XL,UNIX Utilities,Indonesia,$5.26
Marthe,Pithcock,mpithcockw@rediff.com,Female,Rev,3XL,Museum Collections,Brazil,$7.40
Alaster,Mingasson,amingassonx@google.ru,Male,Ms,M,JFreeChart,Colombia,$3.60
Barth,Brighouse,bbrighousey@weebly.com,Male,Rev,S,Visual Communication,China,$2.94
Hermione,Benzies,hbenziesz@clickbank.net,Female,Mr,S,Valuation,Colombia,$6.48
Norris,Trayford,ntrayford10@technorati.com,Male,Mr,3XL,Payment by Results,Azerbaijan,$6.41
Margeaux,Squibb,msquibb11@princeton.edu,Female,Mr,M,DVB-RCS,Indonesia,$3.05
Amberly,Rathmell,arathmell12@nationalgeographic.com,Female,Rev,XL,Sports Medicine,Slovenia,$7.14
Paulie,Brushfield,pbrushfield13@meetup.com,Male,Ms,XS,Fashion Jewelry,Sweden,$6.42
Erhard,Guitel,eguitel14@japanpost.jp,Male,Rev,M,XPages,Indonesia,$2.29
Goober,Wheatland,gwheatland15@cdbaby.com,Polygender,Honorable,L,Epoxy,Indonesia,$0.13
Richardo,McDarmid,rmcdarmid16@squarespace.com,Male,Dr,XS,Mental Health,China,$3.49
Karna,Suermeier,ksuermeier17@prnewswire.com,Female,Mr,XS,MS VC++,Indonesia,$0.80
Keriann,Brazear,kbrazear18@ocn.ne.jp,Female,Rev,XL,Finite Element Analysis,China,$1.82
Elmore,Biagioni,ebiagioni19@engadget.com,Male,Rev,3XL,AAC,Russia,$4.02
Carmencita,Owen,cowen1a@abc.net.au,Female,Rev,XS,Asset Management,France,$9.45
Glenna,Fuentes,gfuentes1b@opensource.org,Female,Mrs,2XL,DTS,Russia,$5.00
Eugenio,Cantrill,ecantrill1c@drupal.org,Male,Honorable,S,PL/SQL,Syria,$4.92
Dore,Linggard,dlinggard1d@msu.edu,Male,Rev,M,Audio Editing,Indonesia,$9.54
Leyla,Nuscha,lnuscha1e@abc.net.au,Female,Mrs,XS,Yardi Enterprise,Afghanistan,$7.73
Baldwin,Frow,bfrow1f@google.co.uk,Male,Mrs,3XL,SAP-SD,China,$4.37
Joey,Sebastian,jsebastian1g@loc.gov,Male,Ms,L,American Sign Language,Argentina,$9.28
Denni,Durn,ddurn1h@psu.edu,Female,Ms,XS,Design for Manufacturing,Brazil,$4.87
Sashenka,Seaborn,sseaborn1i@examiner.com,Agender,Honorable,XS,Usability Testing,China,$9.89
Jobye,Pirie,jpirie1j@simplemachines.org,Female,Honorable,S,VBScript,China,$4.37
Avrit,Chidley,achidley1k@ucla.edu,Female,Mr,XL,CNOR,Brazil,$6.52
Rici,Ferryman,rferryman1l@indiegogo.com,Female,Rev,M,TJC,Pakistan,$5.13
Easter,Carcas,ecarcas1m@tuttocitta.it,Genderqueer,Ms,L,NDF,Egypt,$4.48
Wilton,Teather,wteather1n@i2i.jp,Male,Ms,XS,Kitchen Remodeling,Japan,$4.58
Agna,Braysher,abraysher1o@feedburner.com,Female,Mr,3XL,GMI,China,$4.79
Alard,Gettins,agettins1p@youtu.be,Male,Rev,XL,Cash Management,Portugal,$8.65
Meyer,August,maugust1q@plala.or.jp,Male,Mrs,XS,SRED,Mexico,$9.57
Daisie,Ollive,dollive1r@geocities.com,Female,Dr,XS,ABAP-OO,United States,$9.37
Dev,Hesey,dhesey1s@independent.co.uk,Male,Honorable,XL,Whisky,Burkina Faso,$7.52
Saloma,Medlin,smedlin1t@jigsy.com,Female,Mr,XL,RPOs,Ukraine,$4.52
Lukas,Hoonahan,lhoonahan1u@privacy.gov.au,Male,Mrs,S,XForms,Philippines,$2.54
Ingeborg,Nixon,inixon1v@webnode.com,Female,Mr,M,Medicine,Indonesia,$9.76
Sterling,Secretan,ssecretan1w@businessweek.com,Male,Rev,M,Asset Management,Russia,$3.16
Marlin,Sonnenschein,msonnenschein1x@furl.net,Male,Honorable,L,Scheduling,Azerbaijan,$3.38
Marieann,Kippin,mkippin1y@dailymotion.com,Female,Dr,3XL,Jenkins,Russia,$6.90
Giustino,Wallworke,gwallworke1z@wsj.com,Bigender,Mr,M,NCBI,United States,$8.81
Melissa,Cuttelar,mcuttelar20@dyndns.org,Female,Ms,XL,RDF,Indonesia,$3.99
Carmel,Pennuzzi,cpennuzzi21@sciencedirect.com,Female,Dr,XS,TSO,Turkmenistan,$2.02
Ferris,Jagiello,fjagiello22@uol.com.br,Male,Mrs,2XL,Photo Shoots,Philippines,$7.97
Loren,Riddel,lriddel23@wix.com,Male,Mr,L,WSUS,Sweden,$1.05
Thorndike,Autie,tautie24@webnode.com,Male,Mr,M,MXML,Mongolia,$5.11
Babbie,Darey,bdarey25@comsenz.com,Female,Mr,XS,Objection Handling,Mexico,$5.67
Faber,Chalke,fchalke26@github.io,Male,Mrs,3XL,Security,Peru,$7.91
Karly,Lowers,klowers27@chicagotribune.com,Female,Rev,L,CFOs,Poland,$3.08
Reese,Lieber,rlieber28@npr.org,Male,Dr,3XL,Rhinoplasty,Belarus,$9.29
Marc,Clara,mclara29@unc.edu,Male,Mrs,S,HTML5,Poland,$7.55
Prue,Lathbury,plathbury2a@shinystat.com,Female,Mr,M,CFM,Indonesia,$7.37
Sherlock,Woffinden,swoffinden2b@canalblog.com,Male,Mr,XS,Payment by Results,Panama,$7.52
Annmarie,Backsal,abacksal2c@a8.net,Female,Mrs,M,Runway,Azerbaijan,$3.20
Ingrim,Heggie,iheggie2d@npr.org,Male,Ms,3XL,ODM management,China,$3.80
Lorrin,Tomisch,ltomisch2e@house.gov,Female,Mr,S,PeopleSoft,Indonesia,$8.17
Pren,Eskrick,peskrick2f@digg.com,Male,Mr,XS,Statistical Data Analysis,Indonesia,$9.09
Felice,Bletcher,fbletcher2g@bizjournals.com,Male,Rev,S,Healthcare Industry,Philippines,$5.68
Kirbie,Rapport,krapport2h@wikipedia.org,Female,Mrs,M,Oasys,Indonesia,$4.91
Finley,Anyene,fanyene2i@friendfeed.com,Male,Rev,3XL,GNSS,Indonesia,$0.00
Heather,Cud,hcud2j@sbwire.com,Female,Honorable,XL,Long-term Care,Mali,$7.55
Melody,Vizard,mvizard2k@t-online.de,Female,Ms,M,Order Picking,United States,$1.99
Victoir,Quinnelly,vquinnelly2l@joomla.org,Male,Rev,S,IFS,Sweden,$2.26
Adams,Bader,abader2m@skyrock.com,Bigender,Rev,XS,Aquaponics,Vietnam,$2.41
Anallese,Dimond,adimond2n@bloglovin.com,Female,Honorable,3XL,Tunnels,China,$5.49
Paco,Restall,prestall2o@sitemeter.com,Agender,Mr,3XL,SFDC,China,$9.62
Raddie,Van Ross,rvanross2p@virginia.edu,Male,Mrs,S,Aerohive,China,$2.07
Minne,Dyte,mdyte2q@blogtalkradio.com,Female,Dr,XL,XAML,China,$4.84
Desiri,O'Grady,dogrady2r@statcounter.com,Genderfluid,Ms,XS,Algorithms,Canada,$8.66
Richardo,Prothero,rprothero2s@berkeley.edu,Male,Honorable,S,Keyshot,France,$9.28
Zola,Westwater,zwestwater2t@paypal.com,Female,Honorable,3XL,Flow Cytometry,Russia,$4.79
Jacquenetta,Clipson,jclipson2u@cnn.com,Female,Ms,XS,NMR Spectroscopy,Japan,$3.38
Erik,Brownlow,ebrownlow2v@naver.com,Male,Rev,S,XRR,Colombia,$7.52
Barbee,McErlaine,bmcerlaine2w@rambler.ru,Female,Dr,XL,QALoad,Philippines,$1.40
Roda,Bachshell,rbachshell2x@apache.org,Female,Ms,XS,DVD Authoring,Azerbaijan,$6.97
Papagena,Battin,pbattin2y@wiley.com,Female,Mr,L,Dunn &amp; Bradstreet,Poland,$6.03
Monte,Everton,meverton2z@adobe.com,Male,Dr,2XL,Urban Search &amp; Rescue,Russia,$6.67
Darlene,Knath,dknath30@ocn.ne.jp,Female,Dr,XS,NC-Verilog,Turkmenistan,$2.01
Camellia,Barhems,cbarhems31@google.nl,Genderqueer,Mrs,L,Lawson HRIS,Philippines,$7.09
Levy,Josef,ljosef32@apple.com,Male,Ms,2XL,Gas Turbines,Philippines,$7.82
Bronson,Obell,bobell33@sourceforge.net,Male,Rev,L,MVNE,China,$2.08
Hobard,Lethbrig,hlethbrig34@wp.com,Male,Honorable,3XL,Small Business Development,Philippines,$1.25
Lewiss,Zimmermeister,lzimmermeister35@arizona.edu,Male,Ms,2XL,Systems Analysis,Russia,$3.52
Carrissa,Wisam,cwisam36@usda.gov,Female,Honorable,L,QNX,Denmark,$0.23
Dianne,Howatt,dhowatt37@digg.com,Female,Honorable,L,MLD,Mongolia,$9.40
Breena,Burkart,bburkart38@ocn.ne.jp,Female,Mrs,2XL,Rheumatoid Arthritis,China,$4.08
Helen,Perutto,hperutto39@tinypic.com,Female,Honorable,2XL,Java Applets,Sweden,$4.12
Madlin,Yurivtsev,myurivtsev3a@google.com.au,Female,Rev,2XL,Sound FX Editing,China,$4.91
Sheffie,Bruyett,sbruyett3b@examiner.com,Male,Rev,M,Urgent Care,China,$6.22
Nola,Spurryer,nspurryer3c@hatena.ne.jp,Female,Dr,2XL,GMPLS,Botswana,$2.02
Leopold,Glidder,lglidder3d@exblog.jp,Male,Rev,L,Counseling Psychology,Poland,$1.27
Toddie,Molloy,tmolloy3e@dropbox.com,Male,Rev,2XL,Aircraft Systems,Colombia,$3.99
Ethelda,Chaikovski,echaikovski3f@theguardian.com,Bigender,Mr,M,Machine Tools,Indonesia,$4.24
Gertrud,Stutte,gstutte3g@google.es,Female,Ms,XS,iGaming,Syria,$2.67
Eamon,Dillinger,edillinger3h@unblog.fr,Male,Ms,3XL,Curriculum Development,Indonesia,$1.12
Wanids,Mosedall,wmosedall3i@cbslocal.com,Female,Honorable,XL,Design Patterns,Russia,$5.24
Lora,Munson,lmunson3j@intel.com,Female,Dr,M,CQB,Japan,$5.67
Boonie,Learmond,blearmond3k@dyndns.org,Male,Ms,S,MS Integration Services,China,$6.76
Reinwald,Popplestone,rpopplestone3l@noaa.gov,Bigender,Honorable,M,OAB,Japan,$3.49
Valerie,Blazey,vblazey3m@spotify.com,Female,Mrs,XS,Nursing Care,United States,$0.89
Roy,McPhail,rmcphail3n@sciencedaily.com,Male,Ms,3XL,TCLEOSE Instruction,Indonesia,$7.21
Alis,Swendell,aswendell3o@google.es,Female,Rev,XS,Switchgear,Philippines,$7.13
Bord,Radke,bradke3p@e-recht24.de,Male,Honorable,S,JPEG,China,$0.92
Nesta,Plessing,nplessing3q@constantcontact.com,Female,Dr,L,GMC,Ecuador,$4.11
Max,Headly,mheadly3r@newyorker.com,Female,Mr,3XL,DFSS,Greece,$5.76
Dwain,Heers,dheers3s@cnn.com,Male,Mrs,L,CNC Mill,Chile,$3.49
Reginald,Witz,rwitz3t@wikia.com,Male,Mrs,XS,At-risk,Indonesia,$5.47
Louella,Buie,lbuie3u@drupal.org,Female,Mrs,XL,Judo,Indonesia,$6.56
Erv,Hindenburg,ehindenburg3v@soup.io,Male,Honorable,2XL,Youth At Risk,Indonesia,$2.04
Fee,Schurig,fschurig3w@theatlantic.com,Male,Mrs,L,Recombinant DNA,China,$4.00
Winifred,Frankcombe,wfrankcombe3x@senate.gov,Female,Ms,XS,FMLA,Sweden,$4.74
Susie,Carrington,scarrington3y@newsvine.com,Female,Rev,3XL,Agrochemicals,China,$0.79
Lauryn,Monshall,lmonshall3z@histats.com,Female,Mr,S,PJM,Philippines,$5.03
Caron,Skeel,cskeel40@umich.edu,Female,Mr,XS,Employee Training,Colombia,$4.41
Ibby,Feveryear,ifeveryear41@wired.com,Female,Mr,L,Rx,Peru,$1.45
Lucias,Jolin,ljolin42@prlog.org,Bigender,Rev,S,International Human Rights,France,$7.67
Pandora,Standidge,pstandidge43@bing.com,Female,Mrs,L,IBM AS/400,Sweden,$1.07
Ryan,Howkins,rhowkins44@japanpost.jp,Male,Honorable,S,TPMS,Greece,$7.41
Ariana,Moyer,amoyer45@youku.com,Female,Rev,XS,Title Searches,China,$1.34
Hamil,FitzGibbon,hfitzgibbon46@adobe.com,Male,Honorable,L,Algebra,Benin,$9.34
Theodosia,Attrey,tattrey47@earthlink.net,Bigender,Dr,L,Generators,Serbia,$8.71
Forrester,MacFall,fmacfall48@privacy.gov.au,Male,Mrs,2XL,PMD,China,$0.56
Haze,Almey,halmey49@weibo.com,Male,Honorable,S,PDH,Ireland,$7.11
Edgardo,La Grange,elagrange4a@tinyurl.com,Male,Rev,S,Kinetics,Colombia,$1.63
Xaviera,Muckersie,xmuckersie4b@comsenz.com,Female,Mrs,2XL,Pro Tools,China,$7.40
Josephine,Arnolds,jarnolds4c@huffingtonpost.com,Female,Ms,M,Direct Sales,Peru,$0.63
Storm,Tart,start4d@blogspot.com,Female,Honorable,2XL,QINSy,Indonesia,$1.92
Verney,Hryskiewicz,vhryskiewicz4e@bbc.co.uk,Agender,Mr,L,QADirector,Poland,$7.32
Bertrando,Gartrell,bgartrell4f@exblog.jp,Male,Ms,L,Jewelry,China,$9.44
Kenny,Eves,keves4g@princeton.edu,Male,Mr,3XL,PWA,Russia,$4.14
Leoline,Espinal,lespinal4h@privacy.gov.au,Female,Rev,XL,Yahoo Search,China,$5.34
Averil,Iffland,aiffland4i@gmpg.org,Male,Mrs,S,Sports Nutrition,China,$4.37
Averyl,Spellman,aspellman4j@marketwatch.com,Female,Rev,M,Board of Directors,Sweden,$7.04
Kyrstin,Wallenger,kwallenger4k@yale.edu,Non-binary,Mrs,S,RTO,Slovenia,$8.29
Rhiamon,O'Cahey,rocahey4l@acquirethisname.com,Female,Rev,S,Teacher Training,Portugal,$1.27
Astra,Dunsleve,adunsleve4m@youtu.be,Female,Honorable,XS,ASME,Indonesia,$3.18
Gilbertine,Pirson,gpirson4n@google.com.au,Female,Mrs,3XL,Documentaries,Portugal,$2.79
Guilbert,Marrill,gmarrill4o@youku.com,Male,Mrs,XL,CBI,Indonesia,$0.31
Delainey,Grelka,dgrelka4p@nytimes.com,Male,Ms,S,Eyebrow,China,$8.61
Lottie,Rolph,lrolph4q@nps.gov,Female,Dr,2XL,Portraits,Ukraine,$7.94
Clemmie,Leftly,cleftly4r@cnet.com,Male,Rev,S,Corporate Law,Ukraine,$3.26
Verene,Kirman,vkirman4s@addthis.com,Bigender,Ms,3XL,Artistic Abilities,China,$1.94
Jen,Pawden,jpawden4t@imageshack.us,Female,Mrs,XL,Active Directory,China,$0.75
Tiffie,Dagg,tdagg4u@telegraph.co.uk,Female,Mr,XS,NYSE,Sweden,$7.47
Rivy,McTerlagh,rmcterlagh4v@cdc.gov,Female,Mrs,XL,Evidence,Japan,$8.87
Sheffield,Pfeuffer,spfeuffer4w@twitter.com,Male,Rev,3XL,Athletic Training,Montenegro,$0.47
Revkah,Robak,rrobak4x@jigsy.com,Female,Mr,S,MBAL,Austria,$7.88
Adda,Crawshay,acrawshay4y@army.mil,Female,Rev,XL,Bloomberg Terminal,Norway,$7.42
Mireille,Chaffer,mchaffer4z@washingtonpost.com,Female,Mr,XL,DMX,Zambia,$2.01
Corina,Smylie,csmylie50@php.net,Female,Ms,M,Counseling Psychology,Indonesia,$7.80
Esma,Kegan,ekegan51@nytimes.com,Female,Mrs,3XL,Urban Search &amp; Rescue,Jordan,$4.37
Giselle,Elnaugh,gelnaugh52@myspace.com,Female,Rev,3XL,Chromatography,Syria,$7.22
Billie,Normabell,bnormabell53@umn.edu,Female,Ms,3XL,Luminex,China,$5.81
Else,Wardesworth,ewardesworth54@chronoengine.com,Female,Mrs,M,Win CVS,Serbia,$8.69
Ailina,Akker,aakker55@eventbrite.com,Agender,Mrs,M,Qbasic,United States,$4.19
Jolie,Lightning,jlightning56@merriam-webster.com,Female,Rev,S,Trimble GPS,Indonesia,$4.20
Marci,Dyers,mdyers57@unblog.fr,Female,Honorable,M,BCA Protein Assay,Russia,$5.19
Alexi,Quincey,aquincey58@51.la,Female,Mr,M,GDI+,China,$8.36
Tobin,Mayers,tmayers59@macromedia.com,Male,Ms,XL,Btrieve,Ecuador,$6.73
Barbie,Keatch,bkeatch5a@histats.com,Female,Ms,S,Biomass,Peru,$6.73
Isidore,Fouracres,ifouracres5b@netlog.com,Male,Ms,3XL,MLSS,Latvia,$5.54
Maighdiln,Gogin,mgogin5c@ameblo.jp,Female,Mrs,XS,Marketing,Netherlands,$2.31
Celie,Purnell,cpurnell5d@hexun.com,Female,Ms,L,Swim Instruction,Mexico,$2.73
Patty,Sonley,psonley5e@apache.org,Male,Mrs,M,Okuma,United States,$5.66
Lezley,Longfellow,llongfellow5f@zdnet.com,Male,Ms,L,DNS Administration,Poland,$2.03
Eleni,Brookes,ebrookes5g@scribd.com,Female,Dr,XL,Lunch,Czech Republic,$6.44
Zacharias,Pummery,zpummery5h@topsy.com,Male,Ms,2XL,TCD,Brazil,$7.27
Lyn,Grece,lgrece5i@guardian.co.uk,Male,Mrs,S,Myriad,China,$6.69
Cass,Bengough,cbengough5j@issuu.com,Female,Rev,XS,OS X,Indonesia,$0.53
Matt,Grisedale,mgrisedale5k@cbc.ca,Male,Ms,M,New Product Ideas,China,$3.80
Jackie,Frid,jfrid5l@altervista.org,Non-binary,Ms,L,MBAL,Pakistan,$6.68
Stewart,Treswell,streswell5m@google.com.hk,Male,Dr,3XL,Hyperion Planning,China,$9.38
Karia,Starton,kstarton5n@goodreads.com,Female,Honorable,L,EBSCO,China,$9.25
Stefanie,Roast,sroast5o@booking.com,Female,Mr,3XL,GST,Netherlands,$6.92
Ritchie,McGavigan,rmcgavigan5p@de.vu,Male,Honorable,XS,CDO,Russia,$7.06
Maurise,Matthewman,mmatthewman5q@virginia.edu,Male,Ms,L,Ulead VideoStudio,China,$8.29
Eli,Munns,emunns5r@wsj.com,Male,Mr,XS,MPE,Czech Republic,$1.17
Binnie,Gilbart,bgilbart5s@cbslocal.com,Female,Mrs,XL,Financial Risk Management,Greece,$2.09
Amalita,Roft,aroft5t@columbia.edu,Female,Ms,XL,NNMi,Indonesia,$9.23
Hayward,Cody,hcody5u@1und1.de,Male,Mrs,2XL,Emerging Markets,China,$6.92
Yorker,Harkus,yharkus5v@zdnet.com,Male,Mr,XL,Nokia Qt,Philippines,$6.10
Royall,Weavers,rweavers5w@youtube.com,Male,Mrs,2XL,Arbitration,South Korea,$3.28
Monte,Geard,mgeard5x@rediff.com,Male,Mrs,2XL,xPC Target,Georgia,$4.15
Maxwell,Fife,mfife5y@webnode.com,Male,Mrs,S,PC building,Tajikistan,$2.39
Raymund,Rounsivall,rrounsivall5z@va.gov,Male,Dr,XS,Ion Implantation,Kenya,$9.80
Sancho,O' Shea,soshea60@gnu.org,Male,Mrs,XL,Youth Work,Indonesia,$5.50
Klement,Sibbson,ksibbson61@zimbio.com,Male,Rev,L,CSLA,Peru,$1.67
Nye,Bonson,nbonson62@discuz.net,Male,Mr,L,Academic Advising,Ukraine,$5.16
Benita,Audsley,baudsley63@amazon.com,Bigender,Mr,M,MyChart,China,$8.05
Phyllis,Atwool,patwool64@opera.com,Female,Ms,3XL,SFX Editing,Ireland,$3.83
Joelie,Zumbusch,jzumbusch65@google.de,Female,Dr,M,Business Ethics,Sweden,$3.81
Alexei,Genner,agenner66@sina.com.cn,Male,Ms,XL,PPP,France,$0.11
Cordi,Pillinger,cpillinger67@omniture.com,Female,Ms,S,DSP BIOS,China,$4.12
Emmit,Digle,edigle68@merriam-webster.com,Male,Mrs,XS,ERP Implementations,Portugal,$6.40
Franky,Savell,fsavell69@ycombinator.com,Male,Mr,S,CGEIT,China,$8.50
Tiffie,Hughill,thughill6a@webmd.com,Female,Dr,3XL,Analytics,Argentina,$7.05
Graig,Van der Kruys,gvanderkruys6b@tinyurl.com,Male,Mr,XS,CCDP,Ukraine,$1.03
Waiter,Trippick,wtrippick6c@berkeley.edu,Male,Mr,M,Dyeing,Portugal,$1.96
Adria,Gaitley,agaitley6d@mac.com,Female,Ms,M,Integrated Marketing,Poland,$4.88
Natka,Dann,ndann6e@msu.edu,Female,Mr,M,UI Automation,China,$2.50
Paula,Meiner,pmeiner6f@nih.gov,Female,Ms,S,FFT,Guatemala,$8.72
Debby,Akerman,dakerman6g@wikimedia.org,Female,Honorable,L,Administrative Assistance,Portugal,$4.93
Teena,Josipovitz,tjosipovitz6h@hexun.com,Female,Mr,M,Glassfish,Sierra Leone,$3.54
Bing,Zanni,bzanni6i@gravatar.com,Male,Rev,S,Lyris ListManager,United States,$2.61
Katey,Carolan,kcarolan6j@xinhuanet.com,Female,Mrs,M,RCMS,China,$5.39
Derby,Follen,dfollen6k@flavors.me,Polygender,Mr,M,Tween,Philippines,$4.91
Chrystal,Jone,cjone6l@usda.gov,Female,Honorable,M,CISA,Micronesia,$2.34
Sianna,Drable,sdrable6m@independent.co.uk,Female,Rev,2XL,Aviation Security,Zimbabwe,$4.18
Lexie,Corbin,lcorbin6n@psu.edu,Female,Mrs,XS,Personal Injury,China,$2.17
Sandye,Coggon,scoggon6o@nifty.com,Female,Mr,L,Okuma,China,$8.65
Orelle,Castletine,ocastletine6p@ow.ly,Female,Ms,M,Owners Representative,China,$5.00
Brady,O'Dempsey,bodempsey6q@arizona.edu,Male,Honorable,S,Oracle XE,Armenia,$6.45
Ardath,Stannett,astannett6r@java.com,Female,Mr,2XL,CQE,France,$1.19
Tamiko,Stallebrass,tstallebrass6s@nationalgeographic.com,Female,Dr,3XL,WLAN,China,$9.35
Tarrance,Latter,tlatter6t@tinypic.com,Male,Honorable,S,MPEG-4,Indonesia,$5.20
Clotilda,Jeal,cjeal6u@paypal.com,Female,Ms,XL,Aquatic Therapy,United Kingdom,$5.61
Langston,Peatt,lpeatt6v@xinhuanet.com,Male,Rev,XS,Biochemistry,French Polynesia,$6.63
Joyous,Guslon,jguslon6w@csmonitor.com,Female,Mr,XS,Sales,China,$0.37
Auberon,Keyser,akeyser6x@ca.gov,Male,Rev,3XL,NI Multisim,Bangladesh,$9.98
Gleda,Kerrane,gkerrane6y@sitemeter.com,Female,Honorable,S,Eye Surgery,Indonesia,$1.15
Rheba,Hayer,rhayer6z@dion.ne.jp,Female,Ms,3XL,UB04,Poland,$9.54
Lenna,Barthropp,lbarthropp70@go.com,Female,Rev,3XL,JSP,Finland,$3.44
Ingeborg,Cawker,icawker71@netlog.com,Female,Mr,3XL,Gift Baskets,China,$2.02
Jameson,Josskovitz,jjosskovitz72@joomla.org,Male,Mrs,M,Pthreads,Indonesia,$2.55
Larina,Attree,lattree73@marketwatch.com,Female,Mr,XL,DVB-T,China,$2.22
Hamid,Sibbering,hsibbering74@netlog.com,Male,Honorable,2XL,Wholesale,Brazil,$4.03
Woodie,Borgnol,wborgnol75@mtv.com,Male,Dr,2XL,Wellness Coaching,Nigeria,$6.38
Rosemonde,Howood,rhowood76@cargocollective.com,Female,Mrs,M,International Real Estate,China,$7.89
Sayers,Naton,snaton77@facebook.com,Male,Mrs,M,Stakeholder Management,Indonesia,$6.19
Clemmy,Chisman,cchisman78@accuweather.com,Female,Rev,S,cGMP practices,Netherlands,$1.65
Tamarra,Louden,tlouden79@wix.com,Female,Mrs,L,EHS,Uganda,$5.08
Fred,Sipson,fsipson7a@vkontakte.ru,Male,Honorable,M,CNC Programing,United States,$3.93
Hillard,Heinreich,hheinreich7b@smh.com.au,Male,Dr,2XL,Strategic Human Resources Leadership,France,$0.21
Hewet,Byforth,hbyforth7c@blogs.com,Male,Rev,S,Lunch,Peru,$4.43
Alix,Newlove,anewlove7d@reuters.com,Male,Dr,3XL,Graphic Design,Philippines,$9.02
Erskine,Fenix,efenix7e@123-reg.co.uk,Male,Honorable,M,NSS,Peru,$0.15
Vittorio,Andrzej,vandrzej7f@umich.edu,Male,Honorable,2XL,Prenuptial Agreements,Macedonia,$3.54
Culver,McSharry,cmcsharry7g@discovery.com,Male,Mr,M,Power Utilities,Cuba,$5.65
Montague,Anthoney,manthoney7h@biglobe.ne.jp,Male,Dr,S,Turf,Czech Republic,$0.68
Wolf,Murford,wmurford7i@ameblo.jp,Male,Rev,L,ABAP,Indonesia,$9.79
Guglielmo,Garnham,ggarnham7j@goo.gl,Male,Rev,XL,BSD,Russia,$7.22
Lurleen,Coghill,lcoghill7k@sina.com.cn,Female,Rev,2XL,SAP HR,Ukraine,$3.86
Paddy,Kiefer,pkiefer7l@joomla.org,Male,Rev,3XL,IT Law,Palestinian Territory,$8.47
Giles,Babon,gbabon7m@epa.gov,Male,Mrs,XL,Avaya Communication Manager,Brazil,$1.64
Dario,Hodgins,dhodgins7n@facebook.com,Male,Rev,L,RUP,China,$2.23
Karena,Blyth,kblyth7o@diigo.com,Female,Honorable,2XL,RSView,France,$8.71
Stefano,Gable,sgable7p@abc.net.au,Male,Rev,XS,Military Justice,Indonesia,$5.08
Karel,Lanahan,klanahan7q@walmart.com,Female,Ms,S,Outpatient Orthopedics,China,$7.37
Eve,De Robertis,ederobertis7r@unesco.org,Female,Mrs,L,NSPS,China,$5.26
Shadow,Doddrell,sdoddrell7s@lulu.com,Male,Honorable,S,HR Information Management,Sweden,$8.99
Gregor,Dunaway,gdunaway7t@zdnet.com,Male,Rev,M,RSA enVision,Indonesia,$9.05
Lesya,Bartosinski,lbartosinski7u@samsung.com,Female,Rev,M,Computer Science,Dominican Republic,$9.49
Carin,Antram,cantram7v@irs.gov,Female,Rev,L,ADP ezLaborManager,Republic of the Congo,$8.36
Ardyth,Rands,arands7w@topsy.com,Female,Ms,3XL,MMO,Indonesia,$9.25
Marillin,Capstake,mcapstake7x@addtoany.com,Female,Mr,M,WCDMA,Panama,$8.48
Kenyon,Roarty,kroarty7y@disqus.com,Male,Honorable,M,Top Secret,China,$5.86
Deane,Bernhardsson,dbernhardsson7z@wunderground.com,Bigender,Honorable,XS,Agarose Gel Electrophoresis,Honduras,$1.09
Joice,Lammerts,jlammerts80@comsenz.com,Female,Mr,3XL,OCR,China,$5.24
Aguste,Capon,acapon81@mail.ru,Male,Honorable,M,KRA,Serbia,$7.73
Melloney,Erwin,merwin82@wufoo.com,Female,Ms,XL,Small Business Marketing,Japan,$8.90
Gianina,Mordan,gmordan83@kickstarter.com,Female,Mrs,XS,Ultra Low Latency,Philippines,$2.25
Appolonia,Broscombe,abroscombe84@is.gd,Female,Ms,L,Estate Jewelry,Indonesia,$0.22
Misti,Ranking,mranking85@home.pl,Female,Honorable,XS,GNU Debugger,Israel,$6.73
Levin,Chatelet,lchatelet86@reuters.com,Male,Rev,2XL,Writing,Colombia,$1.37
Loren,Koppelmann,lkoppelmann87@geocities.com,Female,Ms,3XL,Customer Engagement,Greece,$4.20
Pinchas,Ayliff,payliff88@devhub.com,Male,Rev,XS,Commercial Lending,Japan,$8.34
Elicia,Vittle,evittle89@bbc.co.uk,Female,Mr,2XL,Blogging,Poland,$9.22
Stavros,Tyson,styson8a@tripod.com,Male,Honorable,XL,Oracle,Indonesia,$3.69
Gibb,Heavyside,gheavyside8b@prweb.com,Male,Rev,XS,EPR,China,$7.74
Sigmund,Bischop,sbischop8c@chron.com,Male,Mr,L,CQE,China,$5.64
Amitie,Headech,aheadech8d@youtube.com,Female,Dr,S,Curating,Philippines,$9.76
Elvyn,Ehrat,eehrat8e@istockphoto.com,Male,Mr,2XL,UDDI,Philippines,$4.45
Danya,Humm,dhumm8f@discuz.net,Female,Mr,M,Order Fulfillment,Finland,$3.88
Fanechka,Crocker,fcrocker8g@slate.com,Female,Ms,M,RTI,Portugal,$9.78
Leandra,Georgins,lgeorgins8h@biblegateway.com,Female,Mrs,L,Youth Empowerment,Mexico,$3.94
Marget,Sommerville,msommerville8i@rakuten.co.jp,Female,Mr,XL,PC Anywhere,Indonesia,$3.01
Saunderson,Clyne,sclyne8j@tinypic.com,Male,Rev,XL,HMRC enquiries,China,$5.25
Carie,Grzeskowski,cgrzeskowski8k@elegantthemes.com,Female,Dr,M,Simulations,Finland,$2.82
Huberto,Scroggs,hscroggs8l@reuters.com,Male,Dr,L,Sickness Absence Management,Cuba,$2.03
Olga,Meugens,omeugens8m@dmoz.org,Female,Honorable,M,HBV,Indonesia,$3.74
Normand,Basilone,nbasilone8n@wp.com,Bigender,Mr,M,Fume FX,Romania,$1.77
Lexy,Matussov,lmatussov8o@auda.org.au,Female,Honorable,2XL,MGCP,Netherlands,$4.06
Lawrence,Gegg,lgegg8p@ted.com,Male,Dr,XS,Classroom,Ukraine,$2.27
Moises,Klimushev,mklimushev8q@smugmug.com,Male,Dr,XL,Commercial Aviation,Italy,$1.87
Ludovico,Murgatroyd,lmurgatroyd8r@wikia.com,Genderfluid,Dr,L,Juggling,Philippines,$7.81
Stephani,Doding,sdoding8s@epa.gov,Female,Rev,XL,JFreeChart,China,$1.92
Scott,Harback,sharback8t@wikispaces.com,Male,Ms,3XL,IASO,Albania,$9.51
Dyane,Habben,dhabben8u@usgs.gov,Female,Rev,M,Agile &amp; Waterfall Methodologies,Andorra,$4.80
Annie,Griswood,agriswood8v@berkeley.edu,Female,Ms,2XL,QlikView Development,Colombia,$1.11
Rene,Scawton,rscawton8w@skype.com,Male,Mr,L,WAN,Nicaragua,$3.80
Sam,Hoolaghan,shoolaghan8x@tuttocitta.it,Female,Dr,S,AOD,Netherlands,$4.12
Gwendolen,Barcroft,gbarcroft8y@mysql.com,Genderqueer,Mrs,M,TDR,Spain,$0.85
Garald,Davidai,gdavidai8z@ucla.edu,Bigender,Mr,L,PJM,Brazil,$8.81
Freedman,Scottesmoor,fscottesmoor90@newyorker.com,Male,Mrs,L,HSE Management Systems,Poland,$8.16
Nye,Dix,ndix91@blogs.com,Male,Mrs,2XL,Algorithm Design,Palestinian Territory,$7.27
Aloysius,Waddicor,awaddicor92@prlog.org,Male,Mr,L,Workplace Violence,Indonesia,$5.41
Nolly,Eaden,neaden93@statcounter.com,Male,Ms,3XL,IC,Brazil,$9.60
Vicky,Gurry,vgurry94@arstechnica.com,Female,Ms,M,HDRI,Hungary,$1.86
Grant,Danielot,gdanielot95@bing.com,Male,Honorable,M,iOS Design,France,$2.98
Raynard,Northleigh,rnorthleigh96@friendfeed.com,Male,Dr,3XL,MMIC,Russia,$9.50
Miquela,Wenham,mwenham97@yandex.ru,Agender,Mr,2XL,PPDS,Azerbaijan,$6.53
Gasparo,Farnhill,gfarnhill98@google.de,Male,Rev,3XL,Ruby,South Africa,$7.29
Fritz,Dybell,fdybell99@yahoo.co.jp,Male,Mr,XL,Spring DM,Guatemala,$8.62
Kimble,Barosch,kbarosch9a@youtu.be,Male,Mrs,2XL,JFreeChart,Portugal,$7.03
Norry,Mordie,nmordie9b@unblog.fr,Male,Mrs,L,Airport Management,Czech Republic,$2.24
Oliviero,Maudlin,omaudlin9c@geocities.com,Male,Dr,L,Lyrical,Brazil,$9.21
Zachary,Hurn,zhurn9d@dropbox.com,Genderfluid,Rev,XL,Billing Systems,Spain,$3.61
Normie,Mil,nmil9e@hexun.com,Male,Mr,XL,Civil Aviation,China,$9.57
Mead,Bert,mbert9f@weather.com,Genderqueer,Rev,2XL,JIT,Cuba,$8.48
Cary,Iacovone,ciacovone9g@ovh.net,Male,Mr,2XL,High Yield Bonds,China,$4.65
Pate,Petley,ppetley9h@adobe.com,Male,Dr,XS,CPG Industry,Brazil,$3.36
Rozele,Jevons,rjevons9i@newyorker.com,Female,Mr,M,FX Animation,China,$3.89
Ardella,Ollerearnshaw,aollerearnshaw9j@tamu.edu,Bigender,Dr,2XL,Core FTP,Indonesia,$6.39
Kean,Valentetti,kvalentetti9k@hexun.com,Male,Dr,2XL,Bloomberg Terminal,Canada,$7.62
Jess,Colloff,jcolloff9l@archive.org,Male,Honorable,2XL,DNA Sequencing,China,$2.25
Oran,Ottosen,oottosen9m@ucsd.edu,Male,Rev,2XL,JRun,Indonesia,$4.91
Angie,Blowin,ablowin9n@eepurl.com,Female,Honorable,M,RCRA,Vietnam,$5.70
Lenna,Novis,lnovis9o@furl.net,Female,Honorable,3XL,Art Direction,Moldova,$0.93
Esther,Gookey,egookey9p@yolasite.com,Female,Rev,M,Web Typography,Indonesia,$1.83
Russ,Roughey,rroughey9q@unicef.org,Male,Mr,L,Hudson,France,$1.66
Ethan,Devanny,edevanny9r@ifeng.com,Male,Mr,XS,Visual Identity,Sweden,$9.18
Siobhan,Harvard,sharvard9s@irs.gov,Female,Mrs,2XL,CFML,China,$0.74
Raffarty,Samwayes,rsamwayes9t@wikia.com,Male,Ms,2XL,Ethics,Portugal,$2.68
Ailene,De la Perrelle,adelaperrelle9u@apple.com,Female,Mr,L,Healthcare,Vietnam,$1.77
Noemi,Peschmann,npeschmann9v@i2i.jp,Female,Honorable,S,JSR 168,Japan,$8.25
Kip,Pepall,kpepall9w@bluehost.com,Female,Rev,2XL,WPC,Philippines,$7.38
Boot,Geerits,bgeerits9x@ihg.com,Male,Ms,XS,Nursing Management,Brazil,$8.73
Brier,Roycroft,broycroft9y@sitemeter.com,Female,Mr,S,Hazardous Waste Management,Sri Lanka,$8.50
Eleanore,Felgate,efelgate9z@toplist.cz,Female,Ms,M,MDS 3.0,Indonesia,$3.63
Johnath,Click,jclicka0@php.net,Female,Dr,2XL,Supplier Quality,Spain,$9.08
Amandy,Christmas,achristmasa1@youtube.com,Female,Honorable,L,TPA,Croatia,$6.50
Clary,Sazio,csazioa2@wikipedia.org,Female,Mr,L,Musical Theatre,United States,$4.98
Dionysus,Fidoe,dfidoea3@ucsd.edu,Genderfluid,Rev,L,European Union,China,$1.35
Gearard,Nial,gniala4@infoseek.co.jp,Male,Honorable,3XL,MVS,Indonesia,$6.43
Jaquenette,Abeles,jabelesa5@redcross.org,Female,Dr,XL,Athlete Development,Brazil,$3.58
Mollie,Yurlov,myurlova6@amazon.co.jp,Female,Ms,XL,Estimates,Portugal,$5.84
Sigfried,Frontczak,sfrontczaka7@imdb.com,Male,Dr,S,Pipelines,China,$8.10
La verne,FitzAlan,lfitzalana8@prweb.com,Female,Rev,S,WBS,Indonesia,$0.36
Bren,Farlane,bfarlanea9@angelfire.com,Male,Dr,M,Japanese,United States,$5.93
Coleman,Youell,cyouellaa@goo.ne.jp,Male,Ms,2XL,Xerces,China,$1.47
Lotta,Gumly,lgumlyab@apache.org,Female,Mr,XL,VA Loans,Syria,$0.16
Rikki,Blick,rblickac@goo.ne.jp,Female,Mr,M,Compensation &amp; Benefits,Sweden,$3.80
Lenci,Wadly,lwadlyad@google.ca,Male,Rev,L,VLDB,Poland,$7.88
Diahann,Shobbrook,dshobbrookae@joomla.org,Female,Rev,3XL,QuarkXPress,Poland,$9.28
Jacquelyn,Yakushkev,jyakushkevaf@ox.ac.uk,Female,Ms,2XL,HTML Help Workshop,Nigeria,$9.45
Pearline,Havard,phavardag@amazon.com,Female,Rev,XL,EE4,Honduras,$2.59
Ame,Goolden,agooldenah@twitpic.com,Genderqueer,Rev,S,DNP3,Poland,$1.75
Hurleigh,Laurie,hlaurieai@psu.edu,Male,Rev,S,NDS,China,$0.77
Town,Galton,tgaltonaj@blog.com,Male,Honorable,3XL,Voice Acting,Guatemala,$4.38
Yasmin,Syfax,ysyfaxak@seesaa.net,Female,Honorable,XS,CD covers,Ghana,$4.41
Reagan,Speenden,rspeendenal@guardian.co.uk,Male,Honorable,XS,Epoxy,Russia,$8.43
Alberto,Peche,apecheam@china.com.cn,Male,Honorable,2XL,Core FTP,Ecuador,$6.17
Belinda,Parkhouse,bparkhousean@si.edu,Female,Ms,S,HPLC-MS,Indonesia,$1.91
Jarrod,Beedie,jbeedieao@comcast.net,Male,Mr,2XL,Social TV,Poland,$5.62
Bret,Winwright,bwinwrightap@a8.net,Male,Honorable,3XL,Online Lead Generation,Niger,$2.68
Shaina,Sphinxe,ssphinxeaq@goo.gl,Female,Mrs,S,Non-fiction,Philippines,$7.50
Ruggiero,Fulkes,rfulkesar@google.nl,Male,Rev,3XL,Art Direction,Uruguay,$6.98
Lanae,Walenta,lwalentaas@lulu.com,Female,Honorable,3XL,Agronomy,Oman,$7.72
Marie-jeanne,Raffin,mraffinat@home.pl,Female,Rev,XL,Novell,Argentina,$7.77
Rube,Lorincz,rlorinczau@pen.io,Male,Dr,XS,Beer,Greece,$6.85
Witty,Fearey,wfeareyav@imdb.com,Male,Rev,2XL,NMT,China,$7.45
Haydon,Corkill,hcorkillaw@springer.com,Male,Mrs,L,RTC,Indonesia,$1.77
Luca,Linkie,llinkieax@spotify.com,Male,Honorable,L,Certified DDI Facilitator,Indonesia,$9.04
Bamby,Artz,bartzay@google.ca,Female,Rev,S,Lean Manufacturing,Honduras,$6.62
Fons,Venable,fvenableaz@cargocollective.com,Male,Rev,M,NMLS Licensed,Philippines,$6.83
Andres,Schukraft,aschukraftb0@nymag.com,Male,Honorable,S,RRSP,Russia,$4.48
Leda,Dempsey,ldempseyb1@theatlantic.com,Female,Dr,M,Pumps,Russia,$3.19
Filberto,Garwood,fgarwoodb2@weibo.com,Male,Dr,L,HCAHPS,China,$3.51
Quint,Merrell,qmerrellb3@hhs.gov,Male,Dr,2XL,VSP 4,Cuba,$7.31
Godfry,Matic,gmaticb4@google.ca,Male,Mr,S,Venue Management,Indonesia,$9.42
Clemmie,Ojeda,cojedab5@apache.org,Female,Rev,3XL,Agency MBS,Moldova,$9.53
Callida,Sterman,cstermanb6@cnet.com,Female,Dr,S,ADP ezLaborManager,China,$0.89
Lincoln,Hesey,lheseyb7@sbwire.com,Male,Mr,XS,MYOB,China,$4.12
Mack,Trundle,mtrundleb8@godaddy.com,Male,Rev,XS,Customer Follow-up,Japan,$6.09
Kaile,Bonsul,kbonsulb9@wikia.com,Female,Dr,L,EES,Sweden,$0.42
Whitman,Murfill,wmurfillba@noaa.gov,Male,Honorable,S,IT Infrastructure Management,China,$4.92
Lauraine,Rainville,lrainvillebb@netscape.com,Female,Ms,M,Microsoft Dynamics NAV,Russia,$8.92
Millard,Stanier,mstanierbc@springer.com,Male,Honorable,2XL,MCDBA,Dominican Republic,$5.46
Georges,Bisco,gbiscobd@ow.ly,Male,Mr,2XL,Financial Risk,Uganda,$1.53
Dene,Georgeson,dgeorgesonbe@cnet.com,Male,Ms,2XL,Workforce Planning,France,$9.88
Catha,Huck,chuckbf@mapquest.com,Female,Dr,XL,PVSyst,China,$2.42
Joanne,Faulo,jfaulobg@cbc.ca,Female,Mrs,2XL,Komodo,Indonesia,$7.58
Clarice,Armsden,carmsdenbh@kickstarter.com,Female,Rev,L,xPON,Saudi Arabia,$4.26
Alyssa,Drewery,adrewerybi@marketwatch.com,Female,Rev,L,SRED,Morocco,$1.30
Bernita,Kilbride,bkilbridebj@prlog.org,Female,Dr,XS,Access,Belarus,$8.66
Paulie,O'Devey,podeveybk@bing.com,Polygender,Rev,S,White Papers,Brazil,$1.92
Dal,Caught,dcaughtbl@youku.com,Male,Rev,XS,IEC 61131-3,Ecuador,$1.98
Artur,Bamlett,abamlettbm@discuz.net,Male,Rev,XS,DVB-H,Indonesia,$6.67
Shirley,Scuse,sscusebn@cocolog-nifty.com,Female,Rev,2XL,LN,Peru,$4.32
Lonnard,Kornes,lkornesbo@eventbrite.com,Male,Mrs,M,Subversion,Uganda,$8.64
Lorie,Gofford,lgoffordbp@naver.com,Female,Rev,3XL,Professional Liability,China,$9.77
Igor,Higgan,ihigganbq@tumblr.com,Male,Mr,3XL,NCARB,Indonesia,$5.86
Abby,Clemendet,aclemendetbr@networksolutions.com,Male,Ms,3XL,SEP IRA,Brazil,$4.40
Sonny,Sisneros,ssisnerosbs@fastcompany.com,Male,Rev,3XL,Online Help,Russia,$8.99
Jude,Juares,jjuaresbt@ifeng.com,Male,Honorable,XS,GT-Power,Czech Republic,$5.47
Dulce,Nuccitelli,dnuccitellibu@techcrunch.com,Female,Rev,M,MFR,Canada,$0.77
Tammie,L' Estrange,tlestrangebv@icq.com,Male,Mrs,S,Cardiac Rhythm Management,Portugal,$3.33
Shalna,Commuzzo,scommuzzobw@oaic.gov.au,Female,Rev,XS,Dynamic Speaker,Czech Republic,$4.27
Berte,Daintrey,bdaintreybx@elegantthemes.com,Agender,Ms,XS,Dbase,Japan,$7.85
Audry,Koopman,akoopmanby@studiopress.com,Female,Ms,2XL,Environmental Science,China,$1.55
Geoffrey,Millsom,gmillsombz@msu.edu,Male,Mr,M,Three.js,Russia,$1.16
Harmony,Stampfer,hstampferc0@nba.com,Female,Mrs,XL,RTM,Cuba,$8.55
Gino,Tunmore,gtunmorec1@hexun.com,Male,Mrs,XL,VSAT,Venezuela,$8.64
Galven,Ende,gendec2@washingtonpost.com,Polygender,Rev,S,Biomass,Ethiopia,$8.92
Brad,Lynam,blynamc3@reference.com,Male,Honorable,2XL,Slackware,Slovenia,$4.67
Jarrid,Cosstick,jcosstickc4@wikispaces.com,Male,Ms,2XL,HDX,United States,$4.50
Beaufort,Connell,bconnellc5@wisc.edu,Male,Dr,L,Market Research,China,$9.65
Moyna,Higginbottam,mhigginbottamc6@thetimes.co.uk,Female,Rev,S,JTAPI,China,$6.97
Max,Bellam,mbellamc7@w3.org,Male,Mr,M,Variance Analysis,China,$7.52
Christabella,Glenny,cglennyc8@ovh.net,Female,Dr,L,Woodworking,China,$3.20
Frederico,Skirving,fskirvingc9@usda.gov,Male,Mr,2XL,RUP Methodologies,China,$4.09
Kitty,Babinski,kbabinskica@prlog.org,Female,Honorable,L,Special Effects Makeup,China,$1.11
Dee dee,Heinsh,dheinshcb@taobao.com,Non-binary,Ms,3XL,eEye Retina,Russia,$9.38
Isak,Cotte,icottecc@google.com.hk,Non-binary,Rev,XS,Space Planning,Burkina Faso,$9.63
Valma,MacPadene,vmacpadenecd@a8.net,Female,Honorable,S,CME,Thailand,$0.58
Christiane,Bach,cbachce@mac.com,Female,Dr,L,ICT,Argentina,$6.21
Diandra,Canero,dcanerocf@foxnews.com,Female,Ms,XL,Aftersales,Indonesia,$7.41
Lenee,Kench,lkenchcg@surveymonkey.com,Female,Mrs,S,Sales Presentations,Philippines,$0.20
Gasper,Chopy,gchopych@omniture.com,Male,Dr,M,HP Procurve Networking,Indonesia,$5.18
Tiffi,Loghan,tloghanci@apache.org,Female,Rev,L,AutoCAD,Croatia,$0.59
Klarrisa,Snedker,ksnedkercj@intel.com,Female,Honorable,M,CNG,Bulgaria,$9.26
Kermit,Girardez,kgirardezck@photobucket.com,Male,Honorable,S,Yardi Voyager,Czech Republic,$6.43
Bettine,Winthrop,bwinthropcl@mtv.com,Female,Ms,M,Ektron,United States,$7.99
Aldis,Rougier,arougiercm@linkedin.com,Genderqueer,Honorable,3XL,Small Business Marketing,Indonesia,$9.91
Xerxes,Smewings,xsmewingscn@who.int,Male,Mrs,M,Twisted,Vietnam,$2.50
Ethelyn,Mottinelli,emottinellico@blogger.com,Female,Mr,L,ILS,Brazil,$4.65
Janeen,Pranger,jprangercp@mlb.com,Female,Mrs,S,UPS Shipping,Thailand,$1.64
Lawton,McNuff,lmcnuffcq@infoseek.co.jp,Male,Mrs,2XL,Unix,Colombia,$8.86
Clifford,Liddiatt,cliddiattcr@behance.net,Male,Dr,L,DVB-S,Japan,$7.80
Benson,Botton,bbottoncs@imgur.com,Male,Dr,XL,KOL Development,Indonesia,$0.25
Malorie,Barden,mbardenct@samsung.com,Female,Mrs,L,Mineral Exploration,China,$2.74
Brion,Ohrt,bohrtcu@goodreads.com,Male,Mrs,S,CFM,Russia,$7.56
Leif,Artindale,lartindalecv@unesco.org,Male,Rev,L,Computer Network Operations,Belarus,$8.16
Sashenka,Bretherick,sbretherickcw@slate.com,Female,Honorable,XL,Dog Training,China,$1.73
Frederique,Ottery,fotterycx@cocolog-nifty.com,Genderqueer,Ms,XS,Facilitation,China,$0.62
Elisabeth,Braiden,ebraidency@google.ca,Female,Mrs,S,Sickness Absence Management,Dominican Republic,$7.54
Jacklin,Olive,jolivecz@webnode.com,Female,Ms,S,Pro Tools,Indonesia,$9.14
Kirk,Carrivick,kcarrivickd0@scientificamerican.com,Male,Rev,L,Piano,Brazil,$7.35
Andrey,Marquis,amarquisd1@wikispaces.com,Male,Rev,XL,Project Engineering,Ireland,$0.06
Gleda,Ducastel,gducasteld2@apache.org,Female,Honorable,XS,High Rise,China,$4.75
Caldwell,Atwill,catwilld3@bluehost.com,Male,Ms,2XL,Military Operations,China,$5.38
Elliot,Ough,eoughd4@noaa.gov,Male,Mrs,3XL,Custom Homes,Russia,$4.67
Grantley,Waiton,gwaitond5@imgur.com,Male,Dr,XL,Book Illustration,Philippines,$6.27
Beulah,Rodolfi,brodolfid6@topsy.com,Female,Honorable,M,MCSA Security,Czech Republic,$7.86
Terrie,Di Francesco,tdifrancescod7@wiley.com,Female,Mrs,L,MHRA,Russia,$4.07
Stacey,Pitkins,spitkinsd8@wikimedia.org,Female,Honorable,L,NVR,Panama,$6.97
Maryanna,Hayton,mhaytond9@japanpost.jp,Female,Rev,3XL,Job Search Strategies,Indonesia,$6.99
Etheline,Rogez,erogezda@blogger.com,Female,Mrs,2XL,Dyeing,Canada,$5.74
Mark,Gibby,mgibbydb@samsung.com,Male,Honorable,2XL,Focus Groups,China,$5.18
Thoma,Nutbrown,tnutbrowndc@feedburner.com,Male,Ms,S,DME,China,$8.01
Guillaume,Locarno,glocarnodd@usa.gov,Male,Mr,S,QINSy,Russia,$7.28
Vonni,Curgenven,vcurgenvende@wordpress.org,Female,Mr,L,Variable Data Printing,China,$2.52
Frank,Jellicorse,fjellicorsedf@ebay.co.uk,Male,Mrs,M,Petroleum Engineering,Ukraine,$8.47
Arlen,Gippes,agippesdg@exblog.jp,Bigender,Rev,M,LSAT,United States,$3.54
William,Pessolt,wpessoltdh@cornell.edu,Male,Dr,L,IGMP Snooping,Canada,$1.52
Laraine,Bruneton,lbrunetondi@nbcnews.com,Female,Ms,S,Electronics,France,$8.97
Cammy,Strange,cstrangedj@php.net,Male,Rev,XL,VRRP,Nigeria,$6.31
Hastie,Heiton,hheitondk@fema.gov,Male,Mr,XS,EEO/AA Compliance,Argentina,$3.61
Edd,Yewen,eyewendl@noaa.gov,Male,Rev,3XL,PVSyst,Brazil,$2.30
Abigael,Duffrie,aduffriedm@desdev.cn,Female,Dr,S,Group Dynamics,Ukraine,$9.04
Tally,Siberry,tsiberrydn@amazon.co.uk,Female,Rev,XS,Korean,Czech Republic,$5.22
Frannie,O'Calleran,focallerando@yolasite.com,Male,Honorable,S,Credit Risk,Colombia,$1.88
Joaquin,Longstaff,jlongstaffdp@ucoz.ru,Male,Ms,L,DBWorks,Denmark,$7.24
Chiquia,Bignell,cbignelldq@harvard.edu,Female,Rev,S,CPR Certified,China,$9.32
Janel,Edinburgh,jedinburghdr@gnu.org,Female,Ms,M,PPPoA,Philippines,$7.02
Hurleigh,Colenutt,hcolenuttds@oaic.gov.au,Male,Dr,S,CXF,China,$6.57
Delmer,Garnsworth,dgarnsworthdt@google.cn,Male,Mrs,M,VMware View,Portugal,$7.78
Percival,Raitie,praitiedu@istockphoto.com,Male,Mrs,XL,BSC,China,$7.28
Carlota,Madine,cmadinedv@dailymotion.com,Female,Dr,L,Key Performance Indicators,Argentina,$1.80
Archy,Bullerwell,abullerwelldw@twitpic.com,Male,Honorable,L,Award Winner,New Zealand,$1.01
Aksel,Von Der Empten,avonderemptendx@tumblr.com,Male,Rev,3XL,SaaS,Philippines,$2.73
Maible,Chessor,mchessordy@intel.com,Female,Honorable,S,eWFM,Indonesia,$3.70
Timoteo,Sherborne,tsherbornedz@techcrunch.com,Male,Dr,L,OTL,Ecuador,$8.69
Clive,Mepham,cmephame0@yahoo.co.jp,Male,Mrs,XS,OmniPlan,China,$3.33
Shelly,Lancashire,slancashiree1@theglobeandmail.com,Female,Mrs,L,DC Circuits,Russia,$7.16
Gilli,Herculeson,gherculesone2@mac.com,Female,Ms,2XL,SRST,China,$0.80
Luise,Heeran,lheerane3@ftc.gov,Female,Dr,2XL,Epidemiology,China,$7.29
Rachelle,Gateland,rgatelande4@jugem.jp,Genderfluid,Honorable,3XL,Watercolor Illustration,Poland,$8.77
Elenore,Ashfull,eashfulle5@mayoclinic.com,Female,Honorable,L,NX Unigraphics,Albania,$8.79
Constantino,Hapgood,chapgoode6@ocn.ne.jp,Male,Honorable,XS,Youth Mentoring,Philippines,$3.73
Dulciana,Scapens,dscapense7@go.com,Female,Mrs,S,GC-MS,United States,$3.67
Madelle,Keyme,mkeymee8@bbc.co.uk,Female,Rev,XS,Ruby,United States,$7.07
Matty,Plows,mplowse9@angelfire.com,Female,Mr,XL,WDM,China,$2.39
Kayne,Conley,kconleyea@businessinsider.com,Male,Honorable,L,Hydraulic Systems,Italy,$8.77
Aubrey,Frawley,afrawleyeb@ucsd.edu,Female,Dr,XL,iWork,Indonesia,$4.58
Raleigh,Parkman,rparkmanec@free.fr,Male,Mrs,2XL,Urban Forestry,China,$0.96
Jared,Biasetti,jbiasettied@e-recht24.de,Male,Mrs,L,HTML5,Afghanistan,$5.07
Petra,Swinfon,pswinfonee@imageshack.us,Female,Mr,2XL,Oil Painting,China,$8.90
Alon,Braunlein,abraunleinef@xinhuanet.com,Agender,Rev,M,MP2,Vietnam,$9.33
Rachel,Giorgio,rgiorgioeg@shutterfly.com,Female,Rev,XS,Cash Flow Forecasting,Russia,$2.65
Lanny,Julian,ljulianeh@istockphoto.com,Male,Dr,XS,Drug Development,Russia,$7.83
Rriocard,Sollime,rsollimeei@ft.com,Genderqueer,Ms,XS,Water Features,Ukraine,$0.60
Lilian,Este,lesteej@buzzfeed.com,Female,Rev,M,High Availability Clustering,Russia,$7.37
Shepperd,Petroulis,spetroulisek@bbb.org,Male,Ms,XL,IKB,Poland,$5.32
Melisenda,Treffry,mtreffryel@epa.gov,Female,Mr,3XL,EPANET,Albania,$7.14
Lazare,Loughran,lloughranem@ihg.com,Male,Mrs,S,Data Guard,Sierra Leone,$1.72
Harold,Pressdee,hpressdeeen@google.co.jp,Male,Dr,L,Euphonium,Philippines,$8.66
Arabel,Summerscales,asummerscaleseo@weather.com,Female,Ms,S,CPG Industry,Micronesia,$0.60
Brier,Dwyr,bdwyrep@dot.gov,Female,Ms,XS,DQL,China,$6.18
Cassondra,Horsell,chorselleq@google.de,Female,Ms,S,DSE Assessments,Armenia,$7.84
Chelsea,Seath,cseather@wp.com,Female,Ms,XS,IEP,Philippines,$1.93
Ninetta,Couth,ncouthes@posterous.com,Female,Mr,L,LCL,Mexico,$6.66
Andriana,Yerborn,ayerbornet@illinois.edu,Female,Honorable,L,QS1,Philippines,$6.14
Jonis,MacDunlevy,jmacdunlevyeu@economist.com,Female,Honorable,M,Petroleum Engineering,Angola,$0.85
Onofredo,Farlham,ofarlhamev@bigcartel.com,Male,Dr,L,JMX,Oman,$2.40
Nicholas,Wride,nwrideew@sitemeter.com,Male,Dr,S,Journals,Indonesia,$1.24
Dari,Petracci,dpetracciex@kickstarter.com,Female,Mr,L,Novell Netware,Ghana,$9.64
Allin,Greenhowe,agreenhoweey@engadget.com,Bigender,Honorable,L,JBuilder,Vietnam,$3.11
Nicholas,Davioud,ndavioudez@studiopress.com,Male,Rev,S,Object Oriented Modeling,Brazil,$3.73
Georgi,Gawthrope,ggawthropef0@photobucket.com,Male,Dr,2XL,Wills,Russia,$4.07
Ania,Proud,aproudf1@mozilla.com,Female,Rev,L,GPFS,Thailand,$6.17
Tuck,Dight,tdightf2@studiopress.com,Male,Ms,XS,Short Films,Portugal,$8.56
Jorry,Calleja,jcallejaf3@state.tx.us,Female,Dr,M,iWay,Indonesia,$2.43
Belle,Soppett,bsoppettf4@php.net,Female,Ms,L,ISDN,China,$4.71
Raimundo,Ziehms,rziehmsf5@newyorker.com,Male,Mrs,M,FTK,Bangladesh,$8.48
Alaine,Fittes,afittesf6@netlog.com,Female,Mrs,XS,Utility Regulation,China,$9.94
Reuven,Timmons,rtimmonsf7@harvard.edu,Male,Mrs,M,Zeta Potential,Sweden,$5.18
Cozmo,Findon,cfindonf8@cdbaby.com,Male,Rev,XL,CFDs,Sweden,$2.79
Leticia,Hunter,lhunterf9@huffingtonpost.com,Female,Rev,XL,Aerial Photography,Japan,$4.48
Leontine,Breslau,lbreslaufa@hhs.gov,Female,Ms,S,MD5,Indonesia,$2.46
Dannie,Tomashov,dtomashovfb@nsw.gov.au,Female,Rev,XL,Customer Experience,China,$4.13
La verne,Hagerty,lhagertyfc@drupal.org,Female,Dr,XL,Corporate Gifts,Canada,$6.14
Skippy,Pottage,spottagefd@house.gov,Male,Rev,XL,BBEdit,Indonesia,$6.54
Edgard,Barrick,ebarrickfe@oakley.com,Male,Ms,3XL,Agarose Gel Electrophoresis,Norway,$6.56
Adham,Barmby,abarmbyff@uol.com.br,Non-binary,Rev,S,SMTP,Brazil,$0.32
Lesly,Jorcke,ljorckefg@digg.com,Female,Mr,M,Overseas Production,Finland,$4.01
Skip,Joiris,sjoirisfh@so-net.ne.jp,Male,Mr,2XL,BTE,Malaysia,$6.63
Ginnie,Kennelly,gkennellyfi@dedecms.com,Bigender,Rev,L,RF Test,Iran,$7.84
Goober,Storrar,gstorrarfj@cisco.com,Male,Honorable,2XL,Copywriting,China,$2.61
Randolf,Havers,rhaversfk@ebay.co.uk,Male,Mrs,2XL,Business Intelligence,Indonesia,$5.14
Fanchon,Sturror,fsturrorfl@comcast.net,Female,Ms,3XL,BCA Protein Assay,Czech Republic,$6.90
Estrellita,Pieche,epiechefm@theglobeandmail.com,Female,Honorable,XL,Xcalibur,Sweden,$5.78
Belia,de Aguirre,bdeaguirrefn@pcworld.com,Female,Mr,3XL,Distribution Center Operations,China,$9.63
Giffy,Seacombe,gseacombefo@cdbaby.com,Male,Honorable,L,SCADA,Bangladesh,$5.04
Jere,Covington,jcovingtonfp@rediff.com,Male,Rev,S,Microsoft Dynamics GP,Cuba,$0.48
Davidson,Meco,dmecofq@reddit.com,Male,Honorable,M,Dutch,Afghanistan,$0.65
Joyann,Dumphrey,jdumphreyfr@so-net.ne.jp,Genderfluid,Dr,M,IT Audit,China,$8.19
Mikey,Osbourne,mosbournefs@youtube.com,Male,Ms,M,VSX,Nicaragua,$5.92
Lenci,Worlidge,lworlidgeft@nbcnews.com,Male,Ms,XS,Luciferase Assay,China,$2.62
Tiphany,Tillerton,ttillertonfu@hao123.com,Female,Ms,2XL,Windows Server,China,$3.17
Doy,Stratford,dstratfordfv@acquirethisname.com,Male,Mrs,XS,Database Marketing,Greece,$8.11
Ritchie,Grishakin,rgrishakinfw@earthlink.net,Polygender,Ms,XS,System Deployment,China,$6.51
Heda,Hadland,hhadlandfx@cornell.edu,Female,Mr,2XL,JCIDS,Japan,$3.16
Melita,Quainton,mquaintonfy@tripod.com,Female,Mrs,XL,Data Structures,Georgia,$9.95
Gayle,Glazebrook,gglazebrookfz@amazon.co.uk,Male,Rev,L,GS1,Sudan,$1.55
Odella,Skirlin,oskirling0@adobe.com,Female,Dr,2XL,Culinary Skills,China,$8.83
Bert,Philler,bphillerg1@howstuffworks.com,Non-binary,Mrs,XS,HVAC Design,China,$0.75
Cosmo,Darrel,cdarrelg2@ucoz.ru,Male,Ms,L,Xdebug,China,$9.95
Jeramey,Lehrmann,jlehrmanng3@slate.com,Male,Dr,S,GNU C,Dominican Republic,$0.94
Ardelia,Widd,awiddg4@lulu.com,Female,Dr,3XL,cDNA,Brazil,$5.40
Cherida,Tommasi,ctommasig5@blog.com,Female,Ms,3XL,Internal Controls,Norway,$9.57
Janette,Jordeson,jjordesong6@prlog.org,Female,Mr,S,CDM,Sudan,$2.16
Horatius,Bugs,hbugsg7@washingtonpost.com,Male,Rev,2XL,Brocade Fibre Switches,Indonesia,$1.00
Dean,Piggrem,dpiggremg8@unc.edu,Male,Rev,L,Web Content,New Zealand,$8.20
Ring,Hartell,rhartellg9@examiner.com,Male,Dr,2XL,Crystal Reports,France,$0.18
Theobald,Dummigan,tdummiganga@hud.gov,Male,Rev,2XL,nCode,Norway,$1.56
Sharia,Mullins,smullinsgb@nymag.com,Female,Dr,2XL,Zabbix,Netherlands,$0.76
Madlen,Patesel,mpateselgc@edublogs.org,Female,Mrs,L,Wholesale Purchasing,French Guiana,$6.75
Isabel,Accomb,iaccombgd@zdnet.com,Female,Rev,XL,Microsoft Project,Dominican Republic,$1.69
Marta,Marquis,mmarquisge@si.edu,Female,Mr,L,Oracle Applications,China,$9.42
Isiahi,Javes,ijavesgf@ehow.com,Male,Mrs,2XL,FCC License,France,$8.46
Thomas,Konertz,tkonertzgg@friendfeed.com,Male,Mr,2XL,Active TS/SCI Clearance,China,$9.43
Garrek,Blackshaw,gblackshawgh@slate.com,Male,Dr,XS,Ubiquitous Computing,Portugal,$4.25
Dana,Gandley,dgandleygi@wordpress.com,Agender,Mr,M,Dry Eye,Brazil,$3.29
Derrek,Cowerd,dcowerdgj@xing.com,Male,Ms,3XL,VRTX,China,$8.80
Gray,Heathcott,gheathcottgk@cam.ac.uk,Male,Rev,3XL,QNXT,Chad,$6.56
Sinclair,Merrin,smerringl@google.cn,Male,Rev,XL,Jetty,Ukraine,$0.23
Martina,Speere,mspeeregm@blog.com,Female,Honorable,L,Fund Administration,Philippines,$8.75
Dino,Daskiewicz,ddaskiewiczgn@dailymotion.com,Bigender,Honorable,XS,Non-profit Administration,Russia,$9.04
Karlis,Guiu,kguiugo@qq.com,Non-binary,Dr,XS,Spreadsheets,Indonesia,$9.64
Carina,Langton,clangtongp@whitehouse.gov,Female,Ms,3XL,Posters,China,$4.11
Cassius,Mallinder,cmallindergq@uiuc.edu,Male,Dr,XS,Ubercart,Russia,$0.01
Dodi,Milliken,dmillikengr@amazon.com,Female,Ms,XS,Spectroscopy,Argentina,$3.78
Ozzie,Fishpool,ofishpoolgs@pcworld.com,Bigender,Dr,XL,SOA BPEL,Palestinian Territory,$6.57
Sissie,Bouller,sboullergt@npr.org,Female,Honorable,M,Dhcpd,China,$0.67
Natasha,Mateescu,nmateescugu@amazon.co.uk,Female,Mrs,XL,Culinary Skills,Cuba,$6.61
Buddy,McNeice,bmcneicegv@tinyurl.com,Male,Mrs,3XL,TV Distribution,Philippines,$9.33
Jefferey,Basnall,jbasnallgw@comcast.net,Genderqueer,Rev,M,NLP,China,$0.27
Theodor,Eriksson,terikssongx@theglobeandmail.com,Male,Dr,L,Visual Arts,Indonesia,$5.82
Sheena,McIlvenna,smcilvennagy@tripadvisor.com,Female,Mr,XL,Ninja Skills,Nepal,$8.56
Shadow,Gilmartin,sgilmartingz@stanford.edu,Genderfluid,Honorable,S,Ghost Imaging,Canada,$3.08
Sandy,Lob,slobh0@hao123.com,Male,Ms,L,Reverse Logistics,Indonesia,$3.27
Sloane,Bozworth,sbozworthh1@ustream.tv,Male,Dr,3XL,ABAP-OO,Poland,$5.11
Bridget,Silverthorne,bsilverthorneh2@360.cn,Female,Honorable,S,Whitewater Kayaking,Tajikistan,$6.86
Miranda,Mendel,mmendelh3@unicef.org,Female,Ms,XS,MSA,China,$1.43
Lanny,Kaygill,lkaygillh4@ifeng.com,Female,Dr,S,PyQt,Portugal,$0.87
Thorpe,Pendreigh,tpendreighh5@desdev.cn,Male,Rev,L,Private Events,Philippines,$0.92
Georg,Mitchall,gmitchallh6@bbc.co.uk,Male,Rev,M,WFL,Poland,$6.51
Floris,Luckhurst,fluckhursth7@google.fr,Polygender,Mr,L,FM,China,$5.92
Barri,Crutchfield,bcrutchfieldh8@simplemachines.org,Agender,Dr,2XL,ICD-10,Indonesia,$2.16
Almeria,Dipple,adippleh9@psu.edu,Female,Mrs,2XL,JD Edwards,Brazil,$6.74
Laverne,Stickney,lstickneyha@shareasale.com,Female,Dr,L,Key Account Development,Finland,$1.42
Derril,Stickler,dsticklerhb@symantec.com,Male,Honorable,S,First Time Home Sellers,Dominican Republic,$5.94
Paxton,Nasi,pnasihc@marriott.com,Male,Honorable,S,MCSD,Brazil,$2.39
Guy,Scarlon,gscarlonhd@alexa.com,Male,Ms,3XL,PKI,Indonesia,$3.30
Quillan,Paur,qpaurhe@mozilla.com,Male,Honorable,2XL,Hands-on Training,China,$7.82
Wallie,Dodsworth,wdodsworthhf@hatena.ne.jp,Male,Mr,S,KMDF,China,$6.06
Guenevere,Brabban,gbrabbanhg@123-reg.co.uk,Female,Mrs,XS,KT,Indonesia,$7.26
Dare,Spaule,dspaulehh@eepurl.com,Male,Dr,S,CP,Finland,$0.29
Prudy,Sloley,psloleyhi@rediff.com,Female,Ms,XS,Advertising,Colombia,$1.22
Tedd,Vanyushkin,tvanyushkinhj@indiatimes.com,Male,Honorable,S,Rig,Finland,$7.04
Hadlee,Crielly,hcriellyhk@businessinsider.com,Male,Ms,3XL,TMDLs,Indonesia,$1.71
Augusta,Piet,apiethl@delicious.com,Female,Rev,XS,Short Films,Nigeria,$5.62
Rolando,Obern,robernhm@prweb.com,Male,Rev,M,KMDF,China,$8.22
Judie,McGriffin,jmcgriffinhn@ed.gov,Female,Mr,S,FMA,Russia,$2.57
Chrissie,Haith,chaithho@newsvine.com,Female,Mr,XL,VNA,Indonesia,$1.40
Meaghan,Bartholomieu,mbartholomieuhp@smugmug.com,Female,Mrs,2XL,Knee Surgery,Russia,$2.90
Quentin,Munnion,qmunnionhq@skyrock.com,Male,Mr,XL,Olympic Lifting,China,$0.41
Goraud,Verrill,gverrillhr@walmart.com,Male,Ms,XS,EWB,China,$1.88
Willie,Kenford,wkenfordhs@sciencedirect.com,Male,Honorable,M,GNSS,China,$4.12
Linoel,Mathelin,lmathelinht@businessinsider.com,Male,Mrs,XL,IED,Thailand,$0.49
Dayna,Ruslinge,druslingehu@chron.com,Female,Dr,S,Brazilian Jiu-Jitsu,France,$9.56
Lazaro,Graffham,lgraffhamhv@state.tx.us,Male,Mr,XL,HIPAA,China,$4.64
Hoebart,Muncaster,hmuncasterhw@state.tx.us,Male,Mr,L,Mplus,Mexico,$1.34
Carolina,Scandrett,cscandretthx@ucla.edu,Female,Dr,XL,Lumion,Tanzania,$0.62
Hakeem,Mellers,hmellershy@narod.ru,Male,Honorable,M,HDMI,China,$3.04
Demeter,Fidian,dfidianhz@fastcompany.com,Female,Ms,2XL,JSP,Armenia,$3.99
Adrianna,Flory,afloryi0@123-reg.co.uk,Female,Mrs,XS,Frame Relay,Rwanda,$0.50
Barton,Sharples,bsharplesi1@ted.com,Male,Honorable,2XL,HCS,China,$2.08
Bunnie,Albinson,balbinsoni2@vkontakte.ru,Non-binary,Honorable,2XL,ISO/TS 16949,China,$6.15
Deny,Dregan,ddregani3@lycos.com,Female,Mr,S,Bhangra,China,$4.83
Luciano,Gellibrand,lgellibrandi4@tamu.edu,Genderqueer,Honorable,L,Water Treatment,Kenya,$0.77
Adelina,Rumens,arumensi5@columbia.edu,Female,Mr,XL,Novell Netware,Russia,$1.93
Catharina,Collcutt,ccollcutti6@google.com.br,Female,Mrs,3XL,Commercial Litigation,Argentina,$7.83
Norene,Fullylove,nfullylovei7@europa.eu,Female,Rev,2XL,RCA,Argentina,$0.16
Abie,Grigaut,agrigauti8@sphinn.com,Male,Mrs,2XL,RWA,Argentina,$1.42
Avigdor,Seadon,aseadoni9@gnu.org,Male,Rev,M,Dispute Resolution,Kazakhstan,$2.19
Lanni,L'Archer,llarcheria@unicef.org,Female,Honorable,XS,VSX,China,$1.07
Ware,Ritson,writsonib@nature.com,Male,Dr,M,Occupational Therapy,Croatia,$6.02
Fergus,Toffel,ftoffelic@foxnews.com,Male,Rev,XS,UVLayout,Peru,$4.93
Dunn,Wippermann,dwippermannid@answers.com,Male,Ms,L,VMI,Armenia,$9.60
Manolo,Whordley,mwhordleyie@nsw.gov.au,Male,Dr,3XL,CVA,China,$0.51
Washington,MacMeanma,wmacmeanmaif@scribd.com,Male,Mrs,XS,PeopleSoft,Poland,$1.28
Ariel,Wyant,awyantig@baidu.com,Male,Honorable,L,BFSI,Poland,$2.39
Emlynn,Dimelow,edimelowih@pbs.org,Female,Mr,3XL,EFQM Excellence Model,Mexico,$5.67
Jeremias,Witherden,jwitherdenii@twitter.com,Genderfluid,Mr,S,WLM,Argentina,$7.67
Bernie,Swepson,bswepsonij@ed.gov,Male,Dr,M,DMC,China,$0.53
Lucais,Fallanche,lfallancheik@ft.com,Male,Mr,2XL,RTI,Portugal,$6.68
Patsy,Glusby,pglusbyil@samsung.com,Male,Ms,3XL,Dance,Peru,$1.45
Melanie,Stihl,mstihlim@t-online.de,Female,Mr,XL,First Year Experience,China,$5.54
Timothee,Fliege,tfliegein@usatoday.com,Male,Rev,S,NPL,Honduras,$6.79
Tuckie,Greder,tgrederio@mayoclinic.com,Male,Mrs,S,VMD,China,$8.10
Sammie,Toffoletto,stoffolettoip@multiply.com,Male,Mr,M,Snow,Czech Republic,$2.15
Cornelia,Simmings,csimmingsiq@360.cn,Female,Honorable,S,Offshoring,France,$8.46
Doy,Houltham,dhoulthamir@ftc.gov,Male,Ms,L,WWII,China,$0.47
Kirbee,Okeshott,kokeshottis@flickr.com,Agender,Honorable,S,RF Engineering,Equatorial Guinea,$9.11
Clo,Flello,cflelloit@cornell.edu,Female,Ms,L,NIST,Indonesia,$6.89
Wyndham,Lysaght,wlysaghtiu@desdev.cn,Male,Rev,S,Geotechnical Engineering,Philippines,$6.94
Ettie,Cawkill,ecawkilliv@dyndns.org,Female,Mrs,M,Upholstery,Malaysia,$5.53
Liz,Warrilow,lwarrilowiw@bbc.co.uk,Female,Honorable,XS,Lyris,Philippines,$4.55
Glen,Bome,gbomeix@artisteer.com,Male,Mrs,2XL,OO Software Development,Chile,$7.84
Smith,Grange,sgrangeiy@sina.com.cn,Male,Mrs,3XL,XDCAM,France,$2.59
Carmina,Kose,ckoseiz@msu.edu,Female,Mrs,S,FpML,China,$6.54
Selina,Chater,schaterj0@newsvine.com,Female,Rev,2XL,Oil Paint,Dominican Republic,$2.70
Izabel,Guidone,iguidonej1@com.com,Female,Ms,S,PPV,Pakistan,$3.30
Tallie,Sneesby,tsneesbyj2@1688.com,Male,Mrs,2XL,ZoomInfo,China,$5.83
Forster,Wilflinger,fwilflingerj3@go.com,Male,Mr,XL,Afghanistan,Bulgaria,$9.96
Shandie,Chateau,schateauj4@sciencedaily.com,Female,Rev,3XL,Apartments,Egypt,$7.85
Brade,Dorkins,bdorkinsj5@desdev.cn,Male,Honorable,3XL,Sleep Disorders,Portugal,$9.87
Peri,Torn,ptornj6@ovh.net,Female,Ms,L,MVVM,Mexico,$0.76
Rudiger,Montgomery,rmontgomeryj7@smh.com.au,Male,Ms,L,MBD,Ukraine,$0.72
Moses,Stinchcombe,mstinchcombej8@smugmug.com,Male,Ms,M,Wine Tasting,China,$6.69
Amelia,Tattersdill,atattersdillj9@ibm.com,Bigender,Mrs,XS,Professional Liability,China,$4.90
Linnea,Patron,lpatronja@jiathis.com,Female,Ms,XL,Self-esteem,Myanmar,$6.54
Dannie,Hair,dhairjb@opensource.org,Female,Mrs,3XL,WAN,China,$2.35
Kermit,Gyford,kgyfordjc@cmu.edu,Male,Honorable,XL,Machine Tools,Ecuador,$9.02
Kirby,Ruprich,kruprichjd@list-manage.com,Genderfluid,Honorable,XS,OSHA 30-Hour,China,$6.27
Riane,Sugarman,rsugarmanje@over-blog.com,Female,Dr,3XL,XBRL,Venezuela,$8.62
Brad,McLugaish,bmclugaishjf@altervista.org,Male,Rev,L,eCTD,Ukraine,$1.10
Marietta,Emmot,memmotjg@cocolog-nifty.com,Male,Dr,2XL,Ultra Low Latency,Japan,$9.64
Alfi,Whewell,awhewelljh@mayoclinic.com,Genderqueer,Rev,L,Radio Broadcasting,Canada,$7.21
Florian,Huniwall,fhuniwallji@ca.gov,Male,Mr,XS,Hazardous Materials,Indonesia,$7.59
Giff,Tollett,gtollettjj@wordpress.com,Male,Rev,XS,Obstetrics,Kiribati,$3.26
Alameda,Matzl,amatzljk@e-recht24.de,Female,Rev,3XL,Maritime Operations,France,$1.30
Maurie,Hatherall,mhatheralljl@t-online.de,Agender,Honorable,XS,History,Sweden,$9.57
Muffin,Cisar,mcisarjm@edublogs.org,Female,Mr,XS,Youth Entrepreneurship,Philippines,$4.16
Britt,Dinneges,bdinnegesjn@fotki.com,Male,Dr,L,Bonds,Philippines,$6.65
Sonnie,Bloore,sbloorejo@army.mil,Male,Mrs,XL,SBT,China,$1.33
Olympe,Grigore,ogrigorejp@sakura.ne.jp,Polygender,Mrs,S,Applied Mathematics,Greece,$9.71
Dion,Scholer,dscholerjq@blogs.com,Male,Mr,S,Job Search Strategies,China,$3.92
Papagena,Jirousek,pjirousekjr@usgs.gov,Female,Rev,L,TFM,China,$1.61
Karlik,Cockram,kcockramjs@cbslocal.com,Male,Mrs,XS,Umbrellas,Brazil,$8.47
Rubin,Harvard,rharvardjt@free.fr,Polygender,Ms,2XL,GFP,China,$2.14
Shaine,Jumonet,sjumonetju@blinklist.com,Male,Mr,XL,GBA,Spain,$7.55
Pammi,Backshall,pbackshalljv@privacy.gov.au,Female,Dr,3XL,HSE auditing,Greece,$0.46
Napoleon,Millican,nmillicanjw@mozilla.org,Genderqueer,Ms,M,Cement,Bhutan,$1.10
Cullie,Godier,cgodierjx@ycombinator.com,Male,Honorable,L,NCIE,Russia,$0.28
Kort,Rawles,krawlesjy@soundcloud.com,Male,Mrs,XL,Affirmative Action,Indonesia,$4.40
Isabella,Catteroll,icatterolljz@domainmarket.com,Female,Ms,L,Fraud,Czech Republic,$0.16
Maxwell,Buard,mbuardk0@soundcloud.com,Polygender,Mr,M,Strategy,Montenegro,$9.56
Elysha,Bolderstone,ebolderstonek1@mozilla.com,Non-binary,Rev,L,Outpatient Orthopedics,Indonesia,$7.75
Lodovico,Slocomb,lslocombk2@nsw.gov.au,Male,Ms,M,HR Management,Indonesia,$8.01
Car,Iacovielli,ciacoviellik3@marriott.com,Male,Dr,XL,Young Adult Literature,Indonesia,$6.04
Elbertina,Gratten,egrattenk4@parallels.com,Female,Dr,3XL,Area Rugs,Greenland,$3.36
Jake,Siddaley,jsiddaleyk5@ft.com,Male,Mr,2XL,Signal Processing,Egypt,$0.57
Stanislas,Torvey,storveyk6@yellowbook.com,Male,Rev,XL,Youth Entrepreneurship,Portugal,$2.64
Anica,Baldin,abaldink7@discovery.com,Female,Mrs,XL,Business Ideas,China,$1.95
Ray,Farman,rfarmank8@technorati.com,Female,Mr,XS,Surveying,Brazil,$0.47
Sherie,Tiddeman,stiddemank9@angelfire.com,Female,Ms,XL,IQMS,Poland,$9.29
Quint,Hynard,qhynardka@free.fr,Male,Dr,S,EKG,Thailand,$5.40
Conny,Bellison,cbellisonkb@wsj.com,Male,Ms,2XL,Scientific Writing,Belarus,$2.61
Renard,Bischof,rbischofkc@prlog.org,Agender,Ms,M,Cisco IOS,China,$7.05
Lucien,Ridpath,lridpathkd@cargocollective.com,Male,Dr,S,Pdf,China,$2.18
Marena,Kimbley,mkimbleyke@yellowbook.com,Female,Mr,XS,Static Timing Analysis,Japan,$7.42
Mallory,Dibden,mdibdenkf@woothemes.com,Male,Honorable,XL,Operational Oversight,Central African Republic,$3.76
Dionysus,Daintith,ddaintithkg@mtv.com,Male,Mrs,3XL,Young Adults,France,$6.49
Pearl,Merredy,pmerredykh@squidoo.com,Female,Rev,XS,Djembe,Sweden,$6.95
Maribel,Fitzsimmons,mfitzsimmonski@umn.edu,Female,Honorable,XS,WS-Federation,Colombia,$7.27
Carolina,Hunting,chuntingkj@ameblo.jp,Female,Ms,L,MDSD,Brazil,$6.92
Bevin,Caines,bcaineskk@google.de,Male,Mrs,XL,Two-photon Microscopy,Norway,$3.37
Shell,Costell,scostellkl@hhs.gov,Male,Mr,M,Medical-Surgical,China,$2.30
Marco,Trevor,mtrevorkm@sfgate.com,Male,Ms,L,Automation,Greece,$4.84
Maire,Serjeant,mserjeantkn@wunderground.com,Female,Dr,S,Drywall,Indonesia,$5.95
North,Corrington,ncorringtonko@addthis.com,Male,Rev,3XL,SDLX,China,$6.52
Brittan,Gueny,bguenykp@technorati.com,Bigender,Dr,XL,WTL,China,$5.79
Sibylla,Beldom,sbeldomkq@shareasale.com,Female,Mr,M,Food Science,China,$4.45
Quinn,Konmann,qkonmannkr@tmall.com,Male,Mrs,3XL,Non-profit Board Development,China,$4.79
Ethel,Cursons,ecursonsks@slashdot.org,Non-binary,Ms,XL,Documentation,Poland,$8.83
Ellery,Galilee,egalileekt@studiopress.com,Male,Mrs,L,Lyricist,Indonesia,$3.17
Aymer,Torresi,atorresiku@umich.edu,Male,Honorable,XS,DG Sets,China,$4.00
Joceline,MacKartan,jmackartankv@seattletimes.com,Female,Mr,L,EIM,Sweden,$7.31
Melvyn,Pywell,mpywellkw@businesswire.com,Male,Rev,L,zSeries,Lesotho,$8.14
Esteban,Flowith,eflowithkx@psu.edu,Male,Mr,S,Immigration Law,Colombia,$4.46
Corbett,Likly,cliklyky@ebay.com,Male,Rev,S,BWA,Brazil,$6.97
Essy,Vischi,evischikz@slate.com,Agender,Mrs,XS,Language Teaching,Brazil,$8.91
Zaneta,Duce,zducel0@mtv.com,Female,Ms,S,Test Equipment,China,$6.70
Renaldo,Woodhall,rwoodhalll1@abc.net.au,Male,Mr,XL,Rolling Stock,Philippines,$0.19
Luce,Tredger,ltredgerl2@discuz.net,Male,Dr,S,Qlogic,Honduras,$2.55
Barron,Standbrook,bstandbrookl3@scribd.com,Male,Mr,L,Ulead VideoStudio,United States,$2.86
Damiano,Uttermare,duttermarel4@netscape.com,Male,Honorable,XS,Variable Data Printing,China,$0.60
Berta,Byron,bbyronl5@msn.com,Female,Ms,2XL,IBM BPM,Indonesia,$4.58
Gwyn,Leynagh,gleynaghl6@ebay.co.uk,Female,Ms,XL,Cross-functional Team Leadership,Russia,$9.83
Allsun,Chatenet,achatenetl7@cocolog-nifty.com,Female,Mr,L,Vtiger,Indonesia,$5.48
Haskell,Sacks,hsacksl8@multiply.com,Male,Ms,M,xPC Target,China,$2.20
Kingsly,Girardoni,kgirardonil9@princeton.edu,Male,Honorable,2XL,Japanese,Croatia,$0.34
Aurelea,Wallenger,awallengerla@theguardian.com,Female,Mrs,L,WPA,Poland,$0.37
Berte,Pember,bpemberlb@hatena.ne.jp,Female,Mr,L,Childcare,China,$1.52
Lauree,Allchorne,lallchornelc@cargocollective.com,Female,Ms,S,CND,Canada,$3.30
Nerty,Rouge,nrougeld@uol.com.br,Female,Dr,XL,Aquatic Therapy,Sweden,$4.72
Gabbie,Blasiak,gblasiakle@cnet.com,Male,Honorable,XS,NCSim,Poland,$0.23
Benny,Howle,bhowlelf@slideshare.net,Male,Mr,M,Title Insurance,China,$8.84
Townsend,McGilbon,tmcgilbonlg@sciencedirect.com,Male,Dr,XL,IES VE,China,$5.71
Zarah,Coils,zcoilslh@washingtonpost.com,Female,Honorable,L,UE,France,$6.62
Tadd,Blackadder,tblackadderli@discuz.net,Male,Mrs,L,TCPA,Malaysia,$7.38
Liam,Hacon,lhaconlj@comcast.net,Male,Honorable,2XL,Mortgage Banking,Canada,$8.39
Lawry,Gomme,lgommelk@weather.com,Male,Mr,S,HP uCMDB,Indonesia,$5.58
Sloane,Feild,sfeildll@etsy.com,Male,Ms,XL,TF-CBT,Indonesia,$7.74
Lyman,Pilsworth,lpilsworthlm@simplemachines.org,Male,Dr,3XL,Knowledge Base,Poland,$7.96
Teodoor,Whild,twhildln@chicagotribune.com,Male,Mrs,2XL,Business Intelligence,North Korea,$9.18
Jarrod,Cheatle,jcheatlelo@deviantart.com,Genderqueer,Ms,M,Keyboards,China,$7.12
Hilde,Axtens,haxtenslp@w3.org,Female,Honorable,XS,Hoshin Kanri,China,$4.68
Erhart,Vosse,evosselq@cmu.edu,Male,Honorable,XL,Low Voltage,China,$9.36
Ephraim,Dahlen,edahlenlr@goo.ne.jp,Male,Ms,2XL,Ergonomics,Belarus,$8.98
Andros,Pechell,apechellls@mozilla.com,Male,Dr,XS,Two-photon Microscopy,Indonesia,$4.07
Gerhardt,Kinnerk,gkinnerklt@microsoft.com,Male,Honorable,S,VDSL2,France,$4.16
Joseito,Joinsey,jjoinseylu@dailymail.co.uk,Male,Dr,3XL,CVS,Marshall Islands,$4.31
Christel,Odell,codelllv@hatena.ne.jp,Female,Dr,M,EZ Labor,Sri Lanka,$9.05
Hamilton,Chaffer,hchafferlw@howstuffworks.com,Male,Rev,3XL,DTR,Argentina,$5.27
Bernadine,Stutt,bstuttlx@bigcartel.com,Genderqueer,Mrs,XS,Roofers,Kyrgyzstan,$0.54
Allis,Fridlington,afridlingtonly@sfgate.com,Female,Honorable,3XL,Piping,China,$7.53
Johna,Jeandot,jjeandotlz@sohu.com,Female,Mr,S,Jewelry,Indonesia,$4.05
Bibbye,Latliff,blatliffm0@slideshare.net,Female,Ms,L,QMF for Windows,China,$1.43
Norene,Mully,nmullym1@xrea.com,Female,Honorable,3XL,SMT Kingdom,China,$4.93
Vikki,Dionisi,vdionisim2@walmart.com,Female,Rev,XL,Roth IRA,Indonesia,$1.36
Irwin,Natwick,inatwickm3@tmall.com,Male,Mrs,2XL,Xsan,Egypt,$7.35
Portia,Bedinham,pbedinhamm4@blogspot.com,Female,Dr,XS,KRAs,Madagascar,$6.84
Rosaline,Ellif,rellifm5@typepad.com,Female,Honorable,L,Equity Derivatives,France,$0.29
Ronnie,Paffot,rpaffotm6@tuttocitta.it,Male,Mrs,XL,University Teaching,Indonesia,$6.54
Thurston,Eirwin,teirwinm7@t.co,Male,Honorable,2XL,jQuery,Mongolia,$5.62
Rubia,Parslow,rparslowm8@edublogs.org,Female,Dr,M,MX Road,Kenya,$4.41
De,Reis,dreism9@miitbeian.gov.cn,Female,Rev,XS,TWIC Card,China,$1.95
Wrennie,Gladdis,wgladdisma@cdbaby.com,Female,Rev,L,Prenuptial Agreements,Bulgaria,$7.79
Wendy,Bernardinelli,wbernardinellimb@netscape.com,Female,Mrs,L,Object Oriented Modeling,China,$9.84
Alyosha,Tomenson,atomensonmc@storify.com,Male,Rev,S,HR Strategy,Indonesia,$8.48
Sidonnie,Elwill,selwillmd@php.net,Female,Rev,M,Capacity Utilization,Philippines,$4.90
Gianina,Takos,gtakosme@yolasite.com,Female,Mrs,XS,Big Data,Brazil,$1.13
Jermaine,Revan,jrevanmf@timesonline.co.uk,Female,Ms,XS,Business Planning,Poland,$7.70
Arluene,McVey,amcveymg@miitbeian.gov.cn,Female,Dr,2XL,ETL,Angola,$2.07
Stephenie,Chasteau,schasteaumh@sakura.ne.jp,Agender,Honorable,M,RNA,Somalia,$6.59
Vitoria,Chatto,vchattomi@oakley.com,Female,Mr,M,Turbomachinery,China,$2.52
Latisha,McClean,lmccleanmj@photobucket.com,Female,Mr,2XL,IFS,Sweden,$7.18
Jerrylee,Drummer,jdrummermk@patch.com,Female,Honorable,XS,Anti Money Laundering,Sierra Leone,$5.33
Camala,MacRanald,cmacranaldml@sakura.ne.jp,Female,Mr,S,Venue Management,China,$5.39
Gram,Canellas,gcanellasmm@epa.gov,Male,Honorable,L,Networking,Ethiopia,$6.97
Lynea,Vanyatin,lvanyatinmn@bizjournals.com,Female,Ms,L,Ecotect,Poland,$4.78
Derward,Matterface,dmatterfacemo@linkedin.com,Non-binary,Mrs,L,Vsftpd,China,$8.51
Kameko,McPeice,kmcpeicemp@about.com,Female,Mr,XL,DGGE,Indonesia,$3.84
Sax,Judron,sjudronmq@zdnet.com,Male,Rev,L,BCA Protein Assay,Guatemala,$5.36
Maxi,Bradbrook,mbradbrookmr@sina.com.cn,Genderfluid,Honorable,XS,Xactly,Brazil,$8.50
Bryant,Theobald,btheobaldms@microsoft.com,Male,Mrs,XS,Networking,Sweden,$8.32
Sayer,Rich,srichmt@e-recht24.de,Male,Honorable,S,Vector Illustration,Netherlands,$5.50
Raff,Grigore,rgrigoremu@php.net,Male,Honorable,L,FTO analysis,Brazil,$1.45
Valenka,Eunson,veunsonmv@mozilla.org,Female,Mrs,XL,TD-SCDMA,China,$1.82
Cobby,Kiely,ckielymw@jugem.jp,Male,Rev,3XL,GGY Axis,United States,$3.06
Dannel,Benettelli,dbenettellimx@wikimedia.org,Male,Mrs,L,AHLTA,Czech Republic,$4.97
Nickolas,Seneschal,nseneschalmy@blog.com,Male,Ms,XS,SMO,Indonesia,$6.33
Lilias,Bollum,lbollummz@altervista.org,Female,Mrs,2XL,DFS,Brazil,$8.20
Hilda,Kahan,hkahann0@nationalgeographic.com,Female,Mr,L,TTCN,Yemen,$3.54
Aldous,Clewer,aclewern1@wikispaces.com,Male,Mrs,2XL,Epi Info,China,$5.70
Florian,Page,fpagen2@topsy.com,Male,Rev,M,IBM Servers,Nepal,$9.94
Addia,MacGaughy,amacgaughyn3@foxnews.com,Female,Rev,XL,Ultiboard,Poland,$7.28
Consuelo,Gresser,cgressern4@unblog.fr,Female,Honorable,L,FW,Greece,$0.97
Adam,Bonnesen,abonnesenn5@freewebs.com,Male,Dr,M,Machine Tools,Czech Republic,$5.47
Gretchen,Thackeray,gthackerayn6@eepurl.com,Female,Mrs,3XL,SSH,Portugal,$2.20
Rois,Denyakin,rdenyakinn7@mashable.com,Female,Rev,XL,Zemax,Philippines,$0.69
Rockwell,Roadnight,rroadnightn8@themeforest.net,Male,Ms,XS,IAX,Indonesia,$1.75
Gabriello,Leser,glesern9@homestead.com,Male,Rev,L,Human Resources,Guatemala,$5.41
Billie,Doggart,bdoggartna@about.me,Female,Mrs,XS,Ambulatory,Indonesia,$5.33
Joannes,Oliveira,joliveiranb@disqus.com,Female,Rev,XL,CNC Mill,China,$9.73
Tedi,McGuffog,tmcguffognc@soundcloud.com,Female,Mr,M,LSP,Germany,$1.76
Sibyl,Wagnerin,swagnerinnd@fema.gov,Male,Dr,S,IGRP,China,$2.07
Carina,Westcott,cwestcottne@dion.ne.jp,Bigender,Rev,2XL,Electric Guitar,China,$5.86
Hugibert,Widdecombe,hwiddecombenf@ehow.com,Male,Dr,2XL,Vocal Coaching,Poland,$9.08
Brew,Hilhouse,bhilhouseng@google.pl,Male,Mr,2XL,Rhinoceros,Kazakhstan,$7.17
Ibby,Gebhardt,igebhardtnh@123-reg.co.uk,Female,Ms,XS,DBs,Thailand,$1.90
Theodora,Skains,tskainsni@oakley.com,Female,Mrs,XS,Windows Server,Sweden,$7.80
Torry,Petru,tpetrunj@chicagotribune.com,Agender,Rev,3XL,TL1,Indonesia,$2.66
Jed,Corbett,jcorbettnk@vimeo.com,Male,Rev,XL,Hypnosis,China,$6.39
Terry,Long,tlongnl@netscape.com,Agender,Rev,2XL,CFD,China,$9.73
Carine,Heball,cheballnm@yandex.ru,Female,Honorable,3XL,Vocal,China,$3.10
Dale,Penchen,dpenchennn@businessinsider.com,Male,Dr,L,Utility Regulation,Indonesia,$5.21
Drew,Grundell,dgrundellno@unicef.org,Agender,Mr,M,TSRM,China,$6.91
Felipe,Jeakins,fjeakinsnp@reverbnation.com,Male,Mrs,S,PVC,China,$9.63
Chrystel,Bolletti,cbollettinq@telegraph.co.uk,Agender,Honorable,3XL,Public Safety,Sweden,$5.03
Bartholemy,Tofpik,btofpiknr@rediff.com,Male,Ms,3XL,PTMS,Pakistan,$7.20
Ailee,Hyland,ahylandns@slideshare.net,Female,Mr,M,Sungard GMI,Colombia,$5.23
Casey,Kauffman,ckauffmannt@home.pl,Female,Mr,2XL,Order Picking,China,$4.24
Sumner,Bulteel,sbulteelnu@eventbrite.com,Male,Mrs,XL,Gymnastics,United States,$7.56
Zebedee,Pelfer,zpelfernv@wired.com,Male,Dr,S,DS4000,Egypt,$1.06
Jennilee,Berns,jbernsnw@smugmug.com,Female,Rev,XL,Full SDLC,Czech Republic,$9.45
Lilyan,Lorkins,llorkinsnx@archive.org,Female,Rev,S,ODBC,Botswana,$3.75
Tuck,Couch,tcouchny@1und1.de,Male,Mrs,3XL,Chemical Engineering,Argentina,$4.47
Siward,Dowbiggin,sdowbigginnz@i2i.jp,Male,Ms,S,IT Hardware Support,Indonesia,$3.19
Katusha,Belden,kbeldeno0@disqus.com,Female,Mrs,S,Event Planning,Argentina,$1.41
Cacilie,Trassler,ctrasslero1@livejournal.com,Female,Dr,XS,BMD,Bolivia,$4.20
Francklin,Swanston,fswanstono2@hatena.ne.jp,Male,Ms,2XL,IXOS,Peru,$6.69
Haslett,Rennox,hrennoxo3@ca.gov,Male,Ms,3XL,CNS disorders,Indonesia,$9.74
Bald,McGragh,bmcgragho4@live.com,Male,Ms,S,Parts,Indonesia,$8.47
Packston,Stolworthy,pstolworthyo5@twitpic.com,Male,Honorable,XL,Oil &amp; Gas,Iran,$0.96
Erich,Pikett,epiketto6@indiatimes.com,Male,Ms,XL,Sports Writing,Peru,$5.21
Padgett,Mulvenna,pmulvennao7@aboutads.info,Male,Ms,3XL,Aqualogic,China,$8.83
Matthias,Lacroix,mlacroixo8@cyberchimps.com,Male,Dr,M,Fashion Jewelry,Thailand,$9.29
Ruthie,Willimott,rwillimotto9@about.me,Female,Mrs,XL,GFAAS,China,$0.97
Adara,Emloch,aemlochoa@addtoany.com,Female,Mrs,L,Overseeing Projects,Argentina,$9.36
Katrina,Denyagin,kdenyaginob@china.com.cn,Female,Mrs,XL,UK Corporation Tax,Portugal,$6.54
Brodie,Batram,bbatramoc@tamu.edu,Male,Honorable,L,CBORD,Poland,$9.78
Klara,Ladson,kladsonod@howstuffworks.com,Female,Ms,S,Gold,Philippines,$7.90
Ardith,Strainge,astraingeoe@phpbb.com,Female,Ms,S,Yacht Clubs,Vietnam,$5.51
Jehu,Chislett,jchislettof@t-online.de,Male,Dr,L,FDCPA,Sweden,$0.79
Herta,Buckberry,hbuckberryog@eventbrite.com,Female,Ms,2XL,Non-profit Volunteering,Philippines,$1.28
Hatti,Bayston,hbaystonoh@flickr.com,Female,Ms,XS,Logistics,Portugal,$1.78
Theo,Chooter,tchooteroi@earthlink.net,Female,Mr,3XL,FTP,Indonesia,$7.23
Wynny,Reinhardt,wreinhardtoj@comcast.net,Genderqueer,Mrs,M,USDA,Philippines,$0.52
Claire,Delaney,cdelaneyok@vistaprint.com,Male,Mrs,L,Snacks,Mongolia,$2.84
Pattin,Tunnock,ptunnockol@sitemeter.com,Male,Mrs,3XL,Active Directory,Dominican Republic,$9.68
Ailey,Marunchak,amarunchakom@army.mil,Female,Mrs,S,Localization,Colombia,$7.49
Auria,Beet,abeeton@vimeo.com,Female,Honorable,L,Art Direction,Czech Republic,$1.96
Caprice,Myner,cmyneroo@netlog.com,Female,Mrs,3XL,Multithreading,Zimbabwe,$8.79
Lotta,Stamper,lstamperop@geocities.com,Non-binary,Honorable,XL,Swing,Indonesia,$8.50
Ninnette,Lotwich,nlotwichoq@instagram.com,Female,Dr,L,Investment Banking,Ireland,$9.12
Bartolemo,Giblin,bgiblinor@qq.com,Male,Mr,3XL,IAR,Russia,$6.85
Trudie,Ducaen,tducaenos@youtube.com,Female,Rev,XS,OmniGraffle,Philippines,$3.74
Josefa,Alwin,jalwinot@ihg.com,Female,Mrs,2XL,GPP,China,$7.84
Adella,Morrieson,amorriesonou@youku.com,Female,Mr,XS,Ambulatory Care,Portugal,$8.51
Faber,Faltin,ffaltinov@addtoany.com,Male,Rev,S,HPLC,Sweden,$9.23
Wilbur,Gerssam,wgerssamow@mail.ru,Male,Dr,L,Youth Programs,China,$3.34
Heidi,Harsant,hharsantox@phoca.cz,Female,Dr,M,Golf,Kazakhstan,$4.49
Demetris,Gier,dgieroy@wp.com,Male,Honorable,3XL,Hospitality Management,Paraguay,$0.03
Jared,Hames,jhamesoz@zdnet.com,Male,Ms,XL,LPC,Russia,$4.43
Nerita,Cornilli,ncornillip0@timesonline.co.uk,Female,Ms,2XL,IP,Brazil,$0.06
Zsazsa,Fliege,zfliegep1@abc.net.au,Female,Mrs,2XL,European Studies,Russia,$9.17
Amalea,Ainsby,aainsbyp2@freewebs.com,Female,Honorable,L,Commercial Photography,Indonesia,$6.77
Marj,Antonias,mantoniasp3@dion.ne.jp,Bigender,Ms,L,Venue Management,Philippines,$8.57
Clim,Minero,cminerop4@about.com,Male,Mrs,XS,DLS,Russia,$9.71
Nomi,McCloughen,nmccloughenp5@is.gd,Female,Mrs,L,Music Theory,China,$9.69
Warden,Calkin,wcalkinp6@epa.gov,Male,Ms,XS,FDICIA,Uzbekistan,$0.41
Delinda,Wattingham,dwattinghamp7@cdc.gov,Non-binary,Rev,XL,Oversight,Indonesia,$4.26
Stephi,Beushaw,sbeushawp8@tiny.cc,Female,Mrs,L,Earth Science,Madagascar,$9.47
Marjorie,Sebrook,msebrookp9@amazon.co.jp,Female,Rev,XS,PPPoE,Indonesia,$6.47
Kalli,Glenister,kglenisterpa@mediafire.com,Female,Mr,L,TMON,Japan,$4.16
Raf,Pendle,rpendlepb@slashdot.org,Female,Dr,S,SSRS,China,$3.66
Kimball,Craigg,kcraiggpc@odnoklassniki.ru,Male,Ms,M,Xbox,Finland,$4.78
Marty,Cliffe,mcliffepd@mashable.com,Male,Ms,M,Air Conditioning,France,$2.45
Natka,Seak,nseakpe@sitemeter.com,Female,Ms,3XL,Vendor Relations,Trinidad and Tobago,$1.38
Doyle,Currie,dcurriepf@acquirethisname.com,Male,Dr,M,Open XML,Indonesia,$7.90
Jodee,Berick,jberickpg@sohu.com,Female,Mr,L,HSEQ,Brazil,$6.55
Jewelle,Pelcheur,jpelcheurph@go.com,Female,Dr,M,AJAX Frameworks,Ivory Coast,$9.73
Teodoro,Martino,tmartinopi@toplist.cz,Male,Rev,M,Agronomy,China,$8.26
Falito,Seale,fsealepj@sfgate.com,Male,Dr,2XL,Dispute Resolution,China,$3.06
Thaine,Faircloth,tfairclothpk@flickr.com,Male,Mrs,3XL,InfoComm CTS,China,$5.58
Evaleen,Llop,elloppl@a8.net,Female,Honorable,XL,GTS,Russia,$3.52
Angelia,Erwin,aerwinpm@cyberchimps.com,Female,Mrs,2XL,Android,Egypt,$5.06
Amye,Corneck,acorneckpn@samsung.com,Female,Mrs,3XL,3D Modeling,Russia,$9.64
Christopher,Karby,ckarbypo@jalbum.net,Male,Mr,XL,Thin Films,Chad,$6.95
Chaim,Bertlin,cbertlinpp@dyndns.org,Male,Dr,XL,iHistorian,Indonesia,$2.51
Tawnya,Moxom,tmoxompq@wix.com,Female,Honorable,XS,JNCIP,Philippines,$3.09
Ernst,Mair,emairpr@dyndns.org,Male,Mrs,XS,VMware VTSP,China,$6.06
Barret,Bergstrand,bbergstrandps@gnu.org,Male,Dr,3XL,MPIO,Macedonia,$8.08
Corliss,Palluschek,cpalluschekpt@adobe.com,Female,Mr,XS,Offshore Outsourcing,Argentina,$6.71
Erena,Shalcros,eshalcrospu@cbslocal.com,Female,Ms,M,Ruby,China,$3.46
Cammi,Cardinale,ccardinalepv@sitemeter.com,Female,Rev,L,DGA,Peru,$4.45
Urban,Irnys,uirnyspw@disqus.com,Male,Rev,2XL,Vsftpd,China,$5.86
Orren,Guye,oguyepx@boston.com,Male,Dr,S,OOH,Maldives,$9.18
Patrizio,Commander,pcommanderpy@msu.edu,Non-binary,Honorable,M,CPI,Mexico,$6.26
Lonni,Marke,lmarkepz@furl.net,Female,Honorable,M,RMS,Indonesia,$4.34
Jeane,Hefferan,jhefferanq0@howstuffworks.com,Female,Mr,L,RUP Methodologies,Indonesia,$7.38
Quintana,Jory,qjoryq1@t-online.de,Agender,Mrs,M,ZeroMQ,Peru,$6.53
Althea,Cuzen,acuzenq2@shutterfly.com,Female,Rev,XL,Easytrieve,Portugal,$8.32
Luci,Monger,lmongerq3@mit.edu,Female,Mrs,XL,Zemax,Malaysia,$1.22
Peggy,Bellhouse,pbellhouseq4@usa.gov,Female,Rev,L,Oracle Identity Manager,Indonesia,$1.13
Benni,Slyne,bslyneq5@lycos.com,Female,Ms,XS,Aeroelasticity,China,$0.10
Ripley,Muldoon,rmuldoonq6@ted.com,Male,Honorable,S,Fertility,Greece,$4.52
Godart,Kirsz,gkirszq7@ebay.co.uk,Male,Mrs,XS,Beverage Industry,Ethiopia,$1.36
Zachary,Selvester,zselvesterq8@storify.com,Male,Ms,3XL,PDM,Sweden,$6.84
Tallia,Twomey,ttwomeyq9@youku.com,Bigender,Honorable,3XL,Glaucoma,China,$3.35
Katharine,Hellcat,khellcatqa@psu.edu,Female,Honorable,3XL,Automation,Indonesia,$3.44
Valma,Causton,vcaustonqb@wp.com,Non-binary,Mrs,L,Mycology,Brazil,$6.49
Kata,Matthewman,kmatthewmanqc@omniture.com,Non-binary,Honorable,3XL,eGaming,Ukraine,$9.33
Sophie,Hammerberger,shammerbergerqd@auda.org.au,Female,Honorable,3XL,Sales,China,$3.23
Martha,Fallon,mfallonqe@hhs.gov,Female,Mr,S,Infor XA,France,$5.74
Rachele,Breens,rbreensqf@ed.gov,Female,Mrs,3XL,WSDL,China,$8.07
Eddy,Stallwood,estallwoodqg@buzzfeed.com,Female,Ms,XS,TDC3000,China,$9.92
Ansell,Flanner,aflannerqh@scribd.com,Male,Honorable,S,SPC,Costa Rica,$4.64
Silvie,Tolfrey,stolfreyqi@home.pl,Female,Mrs,L,LCS,Portugal,$1.20
Tam,Andrusyak,tandrusyakqj@loc.gov,Male,Mrs,M,Land Development,Mongolia,$4.69
Blaire,Van Der Walt,bvanderwaltqk@desdev.cn,Female,Mr,S,MLSS,China,$6.73
Garry,Chewter,gchewterql@friendfeed.com,Male,Rev,XL,Qualitative Research,Russia,$2.09
Barnie,Dugood,bdugoodqm@sakura.ne.jp,Male,Rev,XL,Vulnerability Research,China,$1.27
Reider,Brettor,rbrettorqn@huffingtonpost.com,Male,Dr,L,Juvenile Delinquency,France,$3.29
Jessi,Figurski,jfigurskiqo@godaddy.com,Female,Ms,3XL,Whisky,China,$6.89
Barris,Broune,bbrouneqp@sogou.com,Male,Ms,XS,RPR,Panama,$0.93
Price,Calderonello,pcalderonelloqq@si.edu,Male,Ms,XS,Sales Cycle Management,China,$3.40
Jackelyn,Beardshaw,jbeardshawqr@hao123.com,Female,Rev,2XL,Ebooks,Guam,$5.10
Manolo,O'Grady,mogradyqs@ebay.com,Polygender,Dr,XL,Artistic Abilities,Nigeria,$4.69
Netta,Sabatini,nsabatiniqt@shop-pro.jp,Female,Mrs,M,BtB,Spain,$0.12
Kellsie,Polo,kpoloqu@admin.ch,Female,Mr,XL,Tortoise CVS,Indonesia,$6.37
Jillene,Petyanin,jpetyaninqv@amazon.co.uk,Female,Mrs,2XL,Win CVS,Portugal,$9.45
Alvira,Aitkenhead,aaitkenheadqw@earthlink.net,Female,Dr,XL,MS VC++,China,$0.91
Elihu,Assel,easselqx@opensource.org,Male,Ms,3XL,OTA,Russia,$5.29
Ximenez,Devereux,xdevereuxqy@bloglines.com,Male,Ms,XS,HV,China,$2.34
Maddalena,Burditt,mburdittqz@nasa.gov,Female,Mrs,XL,Overcome Objections,Indonesia,$2.87
Rona,Bax,rbaxr0@google.cn,Female,Rev,3XL,HtmlUnit,North Korea,$7.85
Amandie,Jozwik,ajozwikr1@vinaora.com,Female,Rev,2XL,cDNA,Bosnia and Herzegovina,$5.57
Ulrike,Troy,utroyr2@cpanel.net,Female,Mr,3XL,EBPP,Philippines,$2.50
Keeley,Cottingham,kcottinghamr3@theguardian.com,Female,Mrs,M,Sculpture,Indonesia,$5.39
Dorian,Briars,dbriarsr4@furl.net,Male,Dr,3XL,Eblasts,Indonesia,$7.51
Maximo,Woodyatt,mwoodyattr5@rakuten.co.jp,Male,Dr,S,Fiber Optics,Russia,$9.41
Kyle,Yegorshin,kyegorshinr6@desdev.cn,Non-binary,Honorable,XL,Pyramix,Ukraine,$5.59
Tommie,Schurig,tschurigr7@posterous.com,Male,Dr,S,Kohana Framework,Portugal,$4.60
Joshia,Decort,jdecortr8@aol.com,Male,Ms,XS,SNL,Indonesia,$0.77
Ketti,Tomasi,ktomasir9@linkedin.com,Female,Honorable,L,DNA Sequencing,China,$4.22
Faye,Giffon,fgiffonra@hp.com,Female,Rev,M,xUnit,Ukraine,$4.17
Mab,Rosenhaus,mrosenhausrb@about.me,Female,Mr,3XL,HBDI,Czech Republic,$0.71
Itch,McCrostie,imccrostierc@xinhuanet.com,Male,Ms,XS,JiBX,Cuba,$2.75
York,MacCague,ymaccaguerd@usgs.gov,Male,Mr,3XL,CADS RC,Russia,$9.33
Vi,Caulkett,vcaulkettre@phoca.cz,Female,Mr,M,CVD,Brazil,$6.02
Diena,Spurrett,dspurrettrf@parallels.com,Female,Dr,XS,Upholstery,Brazil,$1.33
Constantia,McMurdo,cmcmurdorg@bloglovin.com,Female,Dr,2XL,TMDLs,Canada,$2.99
Delmor,Rhydderch,drhydderchrh@exblog.jp,Male,Mrs,XS,Eyelash Extensions,Japan,$1.06
Ardis,Spellesy,aspellesyri@hexun.com,Female,Dr,XS,VJ,Indonesia,$4.32
Harlin,La Rosa,hlarosarj@tinypic.com,Male,Mrs,M,QMF,Ghana,$3.61
Margret,Holleworth,mholleworthrk@army.mil,Female,Mr,L,Classical,Czech Republic,$3.29
Steward,Lared,slaredrl@cyberchimps.com,Male,Honorable,2XL,Luxury Homes,Philippines,$1.51
Blane,Raincin,braincinrm@chicagotribune.com,Male,Mr,L,MDL,Maldives,$2.18
Aguistin,Nunson,anunsonrn@japanpost.jp,Male,Mrs,L,Zendesk,Philippines,$4.63
Kelci,Tattershall,ktattershallro@barnesandnoble.com,Female,Dr,2XL,LCSH,Honduras,$8.41
Missy,Phippin,mphippinrp@washington.edu,Female,Ms,3XL,NX-OS,Mongolia,$8.28
Gabbie,Canny,gcannyrq@altervista.org,Female,Dr,3XL,Employee Benefits,Finland,$9.50
Trever,Crat,tcratrr@auda.org.au,Male,Mrs,XL,Yiddish,Philippines,$9.06
